Date,Open,High,Low,T-Open
2012-04-25,69.5,70,68.75,"7,512.26"
2012-04-28,70,70.5,69,"7,541.50"
2012-04-29,70.25,73.25,69.25,"7,607.59"
2012-04-30,72.25,72.25,69.5,"7,555.77"
2012-05-01,69.5,70.25,69,"7,558.47"
2012-05-02,70,71,69.5,"7,545.28"
2012-05-05,69,69.75,67.75,"7,545.91"
2012-05-06,69,69.25,68.25,"7,450.26"
2012-05-07,68.25,68.5,67.5,"7,377.61"
2012-05-08,68.5,68.75,68,"7,358.87"
2012-05-09,67.75,68,64.5,"7,371.42"
2012-05-12,65.5,65.75,63,"7,221.50"
2012-05-13,65.5,66.5,64,"7,233.20"
2012-05-14,63.75,63.75,61,"7,182.95"
2012-05-15,61.75,62.75,60.75,"7,067.99"
2012-05-16,61.5,61.5,60.25,"7,104.24"
2012-05-19,58.75,60.25,58.75,"7,099.90"
2012-05-20,59.5,65,59.25,"6,966.37"
2012-05-21,61.75,62.5,61.5,"6,979.55"
2012-05-22,62.5,65,62,"7,029.35"
2012-05-23,62,63,61.5,"7,103.52"
2012-05-26,62.25,62.5,61.5,"7,061.43"
2012-05-27,61.5,61.5,60,"7,013.91"
2012-05-28,61.5,62.5,61.25,"6,989.45"
2012-05-29,62,62,61,"7,056.68"
2012-05-30,61.5,61.75,59,"7,033.11"
2012-06-02,55,57,54.25,"6,975.27"
2012-06-03,55.25,55.5,53,"6,681.18"
2012-06-04,54.25,55,54,"6,747.69"
2012-06-05,54.75,57.25,54.25,"6,770.19"
2012-06-06,55,55.75,51.25,"6,736.82"
2012-06-09,53.75,53.75,51.25,"6,661.26"
2012-06-10,52.5,53.25,52,"6,663.03"
2012-06-11,53.75,54,53,"6,749.49"
2012-06-12,52.25,53.75,51.75,"6,790.96"
2012-06-13,53.75,54.5,52.25,"6,727.83"
2012-06-16,53.25,54,50.5,"6,744.53"
2012-06-17,52.75,53.25,52.5,"6,724.46"
2012-06-18,53.25,58,53,"6,754.23"
2012-06-19,56.75,56.75,55,"6,807.51"
2012-06-20,55.75,57.25,55.25,"6,817.26"
2012-06-23,55.25,55.75,54.25,"6,838.05"
2012-06-24,54.25,55,53.75,"6,774.26"
2012-06-25,54,55.5,53.25,"6,745.36"
2012-06-26,54,57,53.75,"6,683.34"
2012-06-27,56.25,56.5,51.75,"6,696.84"
2012-06-30,54.5,55,53.25,"6,585.63"
2012-07-01,53.75,55.5,53.25,"6,709.91"
2012-07-02,54.5,55.75,54.25,"6,705.49"
2012-07-03,55,56.5,54.75,"6,742.04"
2012-07-04,55.5,56.75,55.5,"6,885.27"
2012-07-07,55.5,57.5,55.5,"6,834.77"
2012-07-08,57.75,59.75,57.25,"6,859.59"
2012-07-09,57.75,57.75,55.5,"6,855.12"
2012-07-10,54.25,55.5,54,"6,756.99"
2012-07-11,55,55,53,"6,713.18"
2012-07-14,54.25,54.75,53.5,"6,659.58"
2012-07-15,54.5,55,53.75,"6,701.09"
2012-07-16,53,53.25,51,"6,662.96"
2012-07-17,51.25,52,50,"6,641.30"
2012-07-18,50.75,53.25,50.75,"6,588.81"
2012-07-21,52.5,52.75,52,"6,628.26"
2012-07-22,52.75,53.5,52.25,"6,665.65"
2012-07-23,53,53.75,52.5,"6,700.36"
2012-07-24,52.5,52.75,52,"6,641.10"
2012-07-25,52.25,53.25,52,"6,670.02"
2012-07-28,53.25,55,53,"6,666.80"
2012-07-29,53.75,56.5,53.5,"6,767.81"
2012-07-30,56,57,55.5,"6,769.12"
2012-07-31,55.75,59,55.75,"6,822.86"
2012-08-01,59.5,61.25,58,"6,878.19"
2012-08-04,59.25,60.25,58.75,"6,892.62"
2012-08-05,59.25,65.25,58.5,"6,951.66"
2012-08-06,66,66.5,60.5,"6,945.11"
2012-08-07,62.25,63.5,61.75,"6,943.64"
2012-08-08,62.25,62.25,60.75,"6,961.34"
2012-08-11,62.25,62.25,60.5,"6,953.59"
2012-08-12,61.25,64.5,60.75,"6,987.06"
2012-08-13,62.25,63.25,61.25,"6,995.40"
2012-08-14,61.75,62,60.75,"6,965.66"
2012-08-15,61,65.75,61,"6,968.31"
2012-08-25,64.5,65.5,63.75,"7,003.79"
2012-08-26,64.5,64.75,63.5,"7,104.48"
2012-08-27,64,67,63.75,"7,104.19"
2012-08-28,65.75,66.5,64.5,"7,137.86"
2012-08-29,64.75,68,64.5,"7,137.81"
2012-09-01,67.25,68.75,66.5,"7,139.01"
2012-09-02,66.5,66.5,64.5,"7,134.24"
2012-09-03,64.5,65,63.75,"7,090.90"
2012-09-04,64,65.5,63,"7,078.53"
2012-09-05,64.5,68,64.25,"7,050.34"
2012-09-08,68,69.75,67,"7,049.51"
2012-09-09,69.25,70.25,68.5,"7,105.04"
2012-09-10,69.75,75.75,69.5,"7,095.76"
2012-09-11,76.5,78,73.5,"7,072.60"
2012-09-12,75.5,78,74.75,"7,086.80"
2012-09-15,79,79.25,75.75,"7,104.50"
2012-09-16,75.5,75.5,73,"7,165.86"
2012-09-17,73.25,77,72.5,"7,155.77"
2012-09-18,74,75.25,73.5,"7,149.42"
2012-09-19,74.5,75,72.75,"7,105.52"
2012-09-22,73.5,76.75,73.5,"7,057.01"
2012-09-24,76.25,77.75,75,"7,031.04"
2012-09-25,76.5,76.75,73,"6,960.65"
2012-09-26,73,73.5,70,"6,977.67"
2012-09-29,71,72,67.5,"6,878.72"
2012-09-30,68,68.5,65,"6,807.71"
2012-10-01,67.75,68.75,67.75,"6,839.83"
2012-10-02,68.75,71.25,68.25,"6,882.12"
2012-10-03,70.25,71.25,69.5,"6,896.10"
2012-10-06,71,72.5,69.5,"6,887.29"
2012-10-07,68.75,69.25,66.75,"6,887.97"
2012-10-08,67,68,66,"6,863.29"
2012-10-09,66,66.5,64.25,"6,807.30"
2012-10-10,64.25,64.5,63,"6,790.20"
2012-10-13,63,63,58.5,"6,796.99"
2012-10-14,59,61.25,58.75,"6,682.47"
2012-10-15,60.5,61.5,60.5,"6,661.99"
2012-10-16,61,62,61,"6,723.21"
2012-10-17,62,62.75,61.75,"6,749.00"
2012-10-20,62,64.25,61,"6,811.19"
2012-10-21,64.5,68.5,64,"6,809.30"
2012-10-22,65.75,66.25,63.25,"6,780.00"
2012-10-23,63.5,64,62.75,"6,741.82"
2012-10-24,63,64.5,62.25,"6,729.48"
2012-11-03,65,70.25,64.75,"6,791.04"
2012-11-04,69,69.25,66.75,"6,800.82"
2012-11-05,67.75,69,67.5,"6,813.62"
2012-11-06,68.75,70.5,68.25,"6,843.15"
2012-11-07,69.25,69.5,68,"6,919.17"
2012-11-10,68.5,72.25,68.25,"6,941.97"
2012-11-11,71.5,71.75,67,"6,919.06"
2012-11-12,62.75,64,61,"6,884.29"
2012-11-13,61.5,61.75,60.25,"6,829.53"
2012-11-14,60.5,61,59,"6,828.19"
2012-11-17,58.75,62,58.25,"6,816.93"
2012-11-18,61.25,62,59.75,"6,792.53"
2012-11-19,60,61.25,57.5,"6,765.29"
2012-11-20,60,60.25,58.5,"6,666.46"
2012-11-21,60,60.75,59,"6,662.04"
2012-11-24,60.75,62.25,60.5,"6,609.70"
2012-11-25,61.25,61.25,57.5,"6,665.49"
2012-11-26,59.25,59.5,56,"6,524.15"
2012-11-27,58.75,59.25,57,"6,547.19"
2012-11-28,57.75,59.5,57.75,"6,462.46"
2012-12-01,60.25,61.5,60,"6,533.14"
2012-12-02,61.25,61.5,60.5,"6,688.18"
2012-12-03,60.5,61.25,59.75,"6,708.01"
2012-12-04,59.75,60.25,59.25,"6,732.46"
2012-12-05,59.5,60.25,59.25,"6,716.46"
2012-12-08,60.5,61.25,60,"6,729.19"
2012-12-09,60.5,60.5,59.5,"6,778.09"
2012-12-10,59.75,59.75,58.75,"6,783.55"
2012-12-11,58.5,59.5,58.5,"6,741.93"
2012-12-12,59,59.75,58.5,"6,763.12"
2012-12-15,59.75,60,59.25,"6,769.96"
2012-12-16,59.75,61,59.5,"6,823.80"
2012-12-17,60.75,60.75,60,"6,851.16"
2012-12-18,60.5,60.5,59,"6,870.98"
2012-12-19,59.25,59.5,58.5,"6,858.24"
2012-12-22,59,59,58.25,"6,888.59"
2012-12-23,58.75,59,58.5,"6,902.53"
2012-12-24,58.5,59.25,58.5,"6,890.31"
2012-12-25,59,59.25,58,"6,881.16"
2012-12-26,58.25,58.25,57.25,"6,864.65"
2012-12-29,57.5,59,57.5,"6,866.71"
2012-12-30,59,61,58.75,"6,877.06"
2012-12-31,60.5,62,59.25,"6,824.11"
2013-01-01,61.75,62.25,60.5,"6,801.22"
2013-01-02,60.75,61.5,59.75,"6,860.01"
2013-01-05,61.5,64,61,"6,940.31"
2013-01-06,62.75,64,62.25,"7,010.00"
2013-01-07,63,63.5,62.25,"7,004.71"
2013-01-08,62.75,62.75,61,"7,014.90"
2013-01-09,61.25,64.5,61,"7,053.29"
2013-01-12,64.25,65,64,"7,126.71"
2013-01-13,64,64,62,"7,165.76"
2013-01-14,62.5,62.75,61.75,"7,115.19"
2013-01-15,62,62.25,61,"7,087.83"
2013-01-16,61.5,61.75,60.5,"7,018.52"
2013-01-19,61,61.75,60.75,"7,036.33"
2013-01-20,61.25,61.25,60,"7,050.38"
2013-01-21,60.25,61,59.75,"7,054.36"
2013-01-22,60.5,66,60.5,"6,984.80"
2013-01-23,63.75,64.5,62.25,"7,007.61"
2013-01-26,63.25,65,63,"6,998.34"
2013-01-27,65.25,67.25,65.25,"7,025.31"
2013-01-28,65.75,65.75,64.25,"7,023.74"
2013-01-29,65.5,66.5,65.25,"7,021.58"
2013-01-30,66,66.5,65,"7,027.81"
2013-02-02,67,68,66.75,"7,043.55"
2013-02-03,66.5,66.75,64.5,"7,057.59"
2013-02-04,64.5,66.75,64.25,"7,033.30"
2013-02-05,64.75,65.75,63.25,"7,025.44"
2013-02-06,65.25,65.75,62,"6,992.52"
2013-02-09,62.5,63.25,62.25,"6,982.89"
2013-02-10,62.75,63.5,61.75,"6,996.72"
2013-02-11,62,62.5,61.25,"7,012.17"
2013-02-12,62.5,62.75,61.5,"7,030.78"
2013-02-13,62.75,64.25,62.25,"7,057.19"
2013-02-16,63,63,62,"7,062.98"
2013-02-17,62.25,64.25,61.75,"7,087.82"
2013-02-18,64,65.25,63.5,"7,071.57"
2013-02-19,63.75,64,61.75,"7,056.53"
2013-02-20,63,63.75,62.25,"7,025.74"
2013-02-23,62.5,62.75,62,"7,034.74"
2013-02-24,62.25,62.75,61.75,"7,041.58"
2013-02-25,62,62.25,61.5,"7,043.65"
2013-02-26,61.25,61.5,60.25,"7,042.42"
2013-02-27,60.5,61.5,60.5,"6,988.19"
2013-03-02,61.25,61.5,60.75,"6,998.33"
2013-03-03,60.75,60.75,59.5,"7,016.61"
2013-03-04,59.75,60,58.75,"6,988.07"
2013-03-05,59,60.25,59,"6,956.53"
2013-03-06,60.25,60.5,59.5,"6,953.21"
2013-03-09,60.25,60.75,59.5,"6,999.53"
2013-03-10,59.75,62.25,59.5,"7,027.49"
2013-03-11,61.25,62,61,"7,019.20"
2013-03-12,61,61,59,"7,030.93"
2013-03-13,59.75,61.25,59.25,"6,986.45"
2013-03-16,61.5,62,60.5,"7,025.37"
2013-03-17,61.5,61.75,60.75,"7,051.18"
2013-03-18,61,61,60,"7,081.88"
2013-03-19,60.5,61,60.25,"7,057.44"
2013-03-20,60.75,61.25,60.25,"7,076.04"
2013-03-23,60.5,61.25,60.5,"7,095.48"
2013-03-24,60.75,62,60.75,"7,094.18"
2013-03-25,62.5,63,61.5,"7,137.54"
2013-03-26,61.5,62,61,"7,162.89"
2013-03-27,61.5,62,61.25,"7,176.88"
2013-03-30,61.75,62,60.25,"7,177.62"
2013-03-31,61,62.25,60.75,"7,157.64"
2013-04-01,62,62,61.25,"7,125.73"
2013-04-02,61.25,61.25,60,"7,157.85"
2013-04-03,60.25,60.5,60,"7,172.57"
2013-04-06,60.25,60.25,59.25,"7,178.10"
2013-04-07,60,64,60,"7,113.74"
2013-04-08,62,63.75,61.75,"7,112.59"
2013-04-09,63.5,65.75,63.25,"7,160.52"
2013-04-10,63.75,65,62.25,"7,190.31"
2013-04-13,64.75,68.5,64.75,"7,237.82"
2013-04-14,66.75,68.5,65.5,"7,223.02"
2013-04-15,66.5,69.5,64.75,"7,195.67"
2013-04-16,67.75,72,67.25,"7,145.60"
2013-04-17,71,71.25,63.5,"7,096.99"
2013-04-20,65.25,66.5,64,"7,060.04"
2013-04-21,64.5,65.5,63.5,"7,098.48"
2013-04-22,65.25,66.5,64.5,"7,099.17"
2013-04-23,65.5,65.75,64.5,"7,124.30"
2013-04-24,64.5,64.75,63.5,"7,124.40"
2013-04-27,63.75,64.5,63.75,"7,127.68"
2013-04-28,64.25,64.5,63.5,"7,149.97"
2013-04-29,64,65.25,63.5,"7,140.83"
2013-04-30,64.5,64.75,63.75,"7,166.93"
2013-05-01,64,64,63.5,"7,179.80"
2013-05-04,64.25,64.5,63.75,"7,175.36"
2013-05-05,64.25,66,64,"7,214.06"
2013-05-06,65,65.5,63.75,"7,205.75"
2013-05-07,63.75,64.25,63.25,"7,189.13"
2013-05-08,63.25,63.75,63.25,"7,182.48"
2013-05-11,63.75,64,63.5,"7,206.27"
2013-05-12,63.75,66.25,63.5,"7,220.42"
2013-05-13,64,64.5,59.25,"7,195.17"
2013-05-14,62.5,62.75,59.75,"7,158.75"
2013-05-15,60.5,61,58.5,"7,139.30"
2013-05-18,60.75,62,60.5,"7,147.42"
2013-05-19,61.5,62,61.25,"7,229.02"
2013-05-20,61.75,62.5,61.5,"7,300.34"
2013-05-21,62.25,62.5,61.5,"7,307.36"
2013-05-22,61.75,62,61.25,"7,355.27"
2013-05-25,61.25,61.75,60.5,"7,363.13"
2013-05-26,61.25,62,61,"7,333.83"
2013-05-27,61.5,62.5,61.5,"7,319.82"
2013-05-28,62,62.5,62,"7,326.93"
2013-05-29,62.25,62.5,61.5,"7,378.00"
2013-06-01,61.75,62.25,61.5,"7,404.12"
2013-06-02,61.75,62.25,61.5,"7,435.19"
2013-06-03,61.75,62,61.5,"7,472.14"
2013-06-04,62,64.25,61.75,"7,557.24"
2013-06-05,63.5,64,62.25,"7,576.63"
2013-06-08,62.75,64.25,62.5,"7,613.35"
2013-06-09,64.25,64.75,62.75,"7,645.65"
2013-06-10,63.5,64,62.5,"7,642.24"
2013-06-11,63.25,63.25,61.75,"7,635.75"
2013-06-12,62.25,62.75,62,"7,583.28"
2013-06-15,61.75,62,56.5,"7,623.89"
2013-06-16,56.5,58.5,56.25,"7,294.38"
2013-06-17,58.5,59.5,58.25,"7,330.48"
2013-06-18,59.75,60,59.25,"7,463.37"
2013-06-19,59.5,60.5,59.25,"7,526.29"
2013-06-22,58.75,60.25,58.5,"7,526.26"
2013-06-23,60,62,60,"7,527.36"
2013-06-24,61,61,60,"7,561.50"
2013-06-25,60.5,60.75,60.25,"7,500.69"
2013-06-26,60.5,60.5,59.25,"7,517.36"
2013-06-30,59,59.75,58,"7,504.38"
2013-07-01,59.5,60.5,59.5,"7,496.57"
2013-07-02,60.25,60.75,60,"7,567.43"
2013-07-03,59.75,60.5,59.5,"7,620.83"
2013-07-04,60,60.5,60,"7,586.31"
2013-07-07,60.5,60.5,60,"7,668.58"
2013-07-08,60,60.5,60,"7,717.26"
2013-07-09,60,60.5,60,"7,695.25"
2013-07-10,60.5,60.5,60,"7,708.52"
2013-07-11,60.25,61.75,60,"7,706.01"
2013-07-14,61,61.75,61,"7,690.38"
2013-07-15,61.25,61.5,60.5,"7,744.16"
2013-07-16,60.75,60.75,60.5,"7,699.02"
2013-07-17,60.5,60.75,60.25,"7,703.25"
2013-07-18,60.75,60.75,60,"7,699.25"
2013-07-21,60,60.5,59.75,"7,667.07"
2013-07-22,60,61.25,60,"7,740.46"
2013-07-23,60.5,61.75,60.5,"7,806.03"
2013-07-24,61.5,62.75,61,"7,800.92"
2013-07-25,62.25,62.5,60.75,"7,774.51"
2013-07-28,60.75,61.25,60.75,"7,770.45"
2013-07-29,61,61,60.5,"7,763.14"
2013-07-30,60.5,60.75,60.25,"7,793.98"
2013-07-31,60.5,61.5,60.5,"7,863.83"
2013-08-01,60.75,61,60.5,"7,915.11"
2013-08-04,60.5,62.25,60.5,"7,910.66"
2013-08-05,61.75,62,60.5,"7,972.11"
2013-08-13,61.25,61.5,61,"8,072.30"
2013-08-14,61,61.25,60.75,"8,114.75"
2013-08-15,61,61.5,60.75,"8,085.50"
2013-08-18,61.25,61.5,61,"8,131.16"
2013-08-19,61.25,62,61,"8,156.77"
2013-08-20,61.5,62,61,"8,203.20"
2013-08-21,61.5,62,61.5,"8,179.90"
2013-08-22,61.75,62,61.5,"8,214.85"
2013-08-25,61.5,61.75,61,"8,192.39"
2013-08-26,61,61.25,60,"8,129.87"
2013-08-27,59.75,59.75,56,"8,054.65"
2013-08-28,54.5,56.75,54.5,"7,722.70"
2013-08-29,57,58,56,"7,751.32"
2013-09-01,57.25,57.75,56.75,"7,766.52"
2013-09-02,57.5,58,57,"7,878.74"
2013-09-03,57.75,57.75,55.75,"7,933.95"
2013-09-04,55.5,56,54.5,"7,831.76"
2013-09-05,55,55.75,54.25,"7,662.96"
2013-09-08,55.5,55.75,54.5,"7,634.30"
2013-09-09,55.25,55.25,53.5,"7,635.66"
2013-09-10,56,57,55.25,"7,643.13"
2013-09-11,57.25,57.25,56.25,"7,864.56"
2013-09-12,57,57.75,56.75,"7,855.19"
2013-09-15,58.25,58.5,57.75,"7,893.67"
2013-09-16,58.5,59,58,"8,034.20"
2013-09-17,59,59.25,58.5,"8,070.59"
2013-09-18,59,61,58.5,"8,030.58"
2013-09-19,60.25,60.5,59.25,"7,998.21"
2013-09-24,60,61,59.75,"8,024.71"
2013-09-25,61,61.25,60,"8,003.44"
2013-09-26,60,60,58.25,"8,002.14"
2013-09-29,60.5,61.5,60.25,"7,981.07"
2013-09-30,60.5,60.5,59.25,"7,949.81"
2013-10-01,59,59.75,58.75,"7,964.91"
2013-10-02,59.25,59.25,59,"8,008.54"
2013-10-03,59,59.5,59,"8,014.39"
2013-10-06,59,59,56.25,"8,017.77"
2013-10-07,58,58,57,"8,002.65"
2013-10-08,57.25,57.5,56.75,"7,976.80"
2013-10-09,57.5,57.5,56.5,"7,961.46"
2013-10-10,57,57.25,56.5,"7,977.26"
2013-10-20,57.75,58.25,57.75,"7,982.95"
2013-10-21,58.25,59.75,58,"8,133.24"
2013-10-22,59.25,59.75,58.75,"8,143.75"
2013-10-23,58.75,59,58.25,"8,142.66"
2013-10-24,58.75,59,58.75,"8,150.27"
2013-10-27,58.25,59,58.25,"8,170.75"
2013-10-28,59,59.25,58.5,"8,125.40"
2013-10-29,58.75,58.75,58.25,"8,059.21"
2013-10-30,58.5,59,58.25,"7,972.59"
2013-10-31,58.25,58.5,58,"8,005.49"
2013-11-03,58.75,59,58.25,"8,044.47"
2013-11-04,58.75,59.5,58.5,"8,060.16"
2013-11-05,59.25,60.25,59,"8,073.97"
2013-11-06,59.75,60.25,59.25,"8,170.73"
2013-11-07,59.5,59.75,59.25,"8,188.46"
2013-11-10,59.5,60,59.5,"8,262.79"
2013-11-11,59.5,60,59.25,"8,248.16"
2013-11-12,59.5,60,59.5,"8,271.14"
2013-11-13,59.75,59.75,59.5,"8,329.48"
2013-11-14,59.5,61.5,59.5,"8,297.79"
2013-11-17,61.75,62.25,60.75,"8,317.16"
2013-11-18,61,61.25,60.25,"8,383.77"
2013-11-19,60,60,59.25,"8,407.88"
2013-11-20,59.5,60.25,59.25,"8,359.59"
2013-11-21,59,59.25,58.5,"8,337.32"
2013-11-24,59.25,59.5,58.75,"8,337.78"
2013-11-25,59.25,59.5,59,"8,388.17"
2013-11-26,59.25,61,59,"8,346.69"
2013-11-27,60.5,61.5,60.5,"8,298.46"
2013-11-28,61.5,62,61,"8,300.65"
2013-12-01,62.25,64,62.25,"8,325.28"
2013-12-02,63.75,63.75,62,"8,301.15"
2013-12-03,62.25,64,61.25,"8,334.31"
2013-12-04,62.5,64,61,"8,229.19"
2013-12-05,61.5,65.25,61.5,"8,231.13"
2013-12-08,65.75,66.25,64.5,"8,243.74"
2013-12-09,65,66.5,64.5,"8,321.33"
2013-12-10,65.5,67,64.5,"8,359.55"
2013-12-11,65.25,66.25,64.5,"8,399.39"
2013-12-12,66,66,64.75,"8,399.65"
2013-12-15,65.25,66.75,64.75,"8,387.61"
2013-12-16,66.25,66.25,62.75,"8,396.96"
2013-12-17,63,67.25,60.5,"8,385.08"
2013-12-18,59.25,60.25,57.5,"8,412.32"
2013-12-19,58.5,58.75,57.5,"8,440.53"
2013-12-22,58.5,59.25,58,"8,509.68"
2013-12-23,59.25,59.25,58.5,"8,551.23"
2013-12-24,58.75,58.75,58.25,"8,561.84"
2013-12-25,58.5,58.75,58.25,"8,521.89"
2013-12-26,58.75,58.75,58.5,"8,481.59"
2013-12-29,58.5,59,58.25,"8,481.10"
2013-12-30,58.5,59.75,58.25,"8,494.76"
2013-12-31,59.25,59.5,58.75,"8,520.02"
2014-01-01,58.75,59,58.5,"8,535.60"
2014-01-02,58.75,58.75,58.5,"8,605.34"
2014-01-05,58.5,58.75,58.25,"8,618.12"
2014-01-06,58.75,59,58.25,"8,637.74"
2014-01-07,59,59.25,58.5,"8,611.81"
2014-01-08,59,59,58.75,"8,608.80"
2014-01-09,59,60.25,59,"8,652.50"
2014-01-12,59.25,60,59,"8,677.87"
2014-01-13,59.25,59.5,59,"8,714.73"
2014-01-14,59.25,59.5,59,"8,711.87"
2014-01-15,59.25,59.5,58.75,"8,696.39"
2014-01-16,59,59.25,58.75,"8,745.28"
2014-01-19,58.75,59.25,58.25,"8,761.06"
2014-01-20,58.75,59.5,58.75,"8,739.73"
2014-01-21,59.25,59.5,58.5,"8,727.78"
2014-01-22,59.25,60.5,58.5,"8,734.49"
2014-01-23,60,61.5,59,"8,761.16"
2014-01-26,58.75,59.25,58.5,"8,771.99"
2014-01-27,59,59.25,58.5,"8,735.59"
2014-01-28,58.75,60.25,58.5,"8,655.01"
2014-01-29,60,60.5,59.5,"8,656.11"
2014-01-30,59.5,60,59,"8,704.21"
2014-02-02,59.25,59.75,59,"8,760.62"
2014-02-03,59.5,59.75,58.5,"8,835.12"
2014-02-04,58,59,57.25,"8,806.92"
2014-02-05,58.75,59,58.25,"8,768.90"
2014-02-06,58.5,59.25,58,"8,792.80"
2014-02-09,59,59.25,58.5,"8,819.31"
2014-02-10,58.75,60.25,58.75,"8,865.80"
2014-02-11,59.75,61.75,59.75,"8,873.95"
2014-02-12,60.5,60.5,59,"8,859.20"
2014-02-13,59.25,60.5,59,"8,912.58"
2014-02-16,59.5,60.75,59,"8,929.60"
2014-02-17,60.25,60.5,59.25,"8,970.44"
2014-02-18,59.5,60,59.25,"8,939.88"
2014-02-19,59.25,59.5,59.25,"8,956.86"
2014-02-20,59.5,59.75,59.25,"8,967.62"
2014-02-23,59.5,59.75,59.25,"8,988.87"
2014-02-24,59.75,60.25,59.5,"9,023.42"
2014-02-25,60,60.25,59.5,"9,057.08"
2014-02-26,59.5,60.25,59.5,"9,061.93"
2014-02-27,60,61,59.75,"9,058.54"
2014-03-02,61,61.25,59.25,"9,106.55"
2014-03-03,59.5,59.75,59,"9,088.68"
2014-03-04,59.5,60.5,59.25,"9,019.98"
2014-03-05,59.75,60.25,59,"9,148.73"
2014-03-06,59.5,61.75,59.5,"9,161.33"
2014-03-09,61.75,64.75,61.5,"9,248.82"
2014-03-10,63,65,62.25,"9,350.60"
2014-03-11,64,70.25,63.75,"9,343.78"
2014-03-12,69.75,76,69.25,"9,354.55"
2014-03-13,72.5,75,69.5,"9,351.11"
2014-03-16,69.25,71.75,69.25,"9,386.08"
2014-03-17,70,70.75,68.75,"9,378.87"
2014-03-18,69.25,70.5,68.75,"9,368.03"
2014-03-19,70.5,71.25,69.75,"9,331.69"
2014-03-20,70,71.25,69.5,"9,318.63"
2014-03-23,72,73.25,71.75,"9,305.64"
2014-03-24,72,72.25,70.75,"9,425.21"
2014-03-25,71,71.5,70.75,"9,429.21"
2014-03-26,71.25,71.25,70.5,"9,433.63"
2014-03-27,70.75,71,69,"9,449.92"
2014-03-30,69.75,69.75,66,"9,423.08"
2014-03-31,67.5,68.5,67.5,"9,462.98"
2014-04-01,68,69.75,67.5,"9,473.71"
2014-04-02,69.75,72.75,69.75,"9,516.17"
2014-04-03,72,72.75,70.75,"9,537.83"
2014-04-06,71.25,76.5,70.75,"9,558.46"
2014-04-07,75.25,77.5,73.75,"9,531.40"
2014-04-08,73.75,76.25,73.5,"9,507.58"
2014-04-09,74.5,81.75,71,"9,565.28"
2014-04-10,77.25,79.5,76,"9,543.11"
2014-04-13,76,78.75,75.75,"9,508.57"
2014-04-14,77,80,76.75,"9,424.95"
2014-04-15,79.25,81,77.5,"9,445.69"
2014-04-16,82.25,82.5,78.5,"9,505.03"
2014-04-17,80.5,80.75,78.25,"9,504.33"
2014-04-20,79.5,79.75,77.5,"9,530.58"
2014-04-21,77.75,81,77.25,"9,636.17"
2014-04-22,79,79,77.25,"9,617.76"
2014-04-23,78,78.25,76,"9,606.58"
2014-04-24,76.75,77.5,75.75,"9,546.27"
2014-04-27,77,78.5,76.75,"9,556.64"
2014-04-28,78,80.5,77.5,"9,574.86"
2014-04-29,77.5,79.25,77,"9,575.54"
2014-04-30,78.25,79,77.25,"9,562.93"
2014-05-01,77.75,78,77,"9,585.22"
2014-05-04,78,79.25,77.5,"9,660.13"
2014-05-05,78.25,80,77,"9,755.35"
2014-05-06,81.75,82.5,79,"9,740.83"
2014-05-07,79.25,79.5,78.25,"9,744.12"
2014-05-08,78.5,79.25,78,"9,745.09"
2014-05-11,78.25,79,77,"9,787.03"
2014-05-12,78.5,84.25,78.25,"9,765.48"
2014-05-13,82.25,82.75,80.25,"9,775.85"
2014-05-14,81,81,79.5,"9,816.19"
2014-05-15,80,80,78.5,"9,819.89"
2014-05-18,79,80.75,78.5,"9,807.37"
2014-05-19,80.25,81.5,78.5,"9,809.81"
2014-05-20,80.5,81,79,"9,724.75"
2014-05-21,80.25,83.5,79.75,"9,731.47"
2014-05-22,82.25,82.75,79.75,"9,765.82"
2014-05-25,78.75,82,78.5,"9,750.90"
2014-05-26,81.5,85,81,"9,772.48"
2014-05-27,83.75,86.25,82.5,"9,821.53"
2014-05-28,82.75,84.75,82,"9,830.19"
2014-05-29,82.25,83.5,80,"9,798.45"
2014-06-01,82.25,83.5,81.25,"9,823.40"
2014-06-02,82.25,82.75,81.5,"9,864.68"
2014-06-03,81.75,83.5,81.75,"9,864.61"
2014-06-04,82.25,84.5,81.75,"9,838.86"
2014-06-05,84,84.75,82.5,"9,856.52"
2014-06-08,82.5,83.5,74.75,"9,860.41"
2014-06-09,77.75,78.75,76.75,"9,853.51"
2014-06-10,78,78,75.5,"9,892.12"
2014-06-11,76.75,76.75,75.75,"9,905.68"
2014-06-12,76,77.25,75.25,"9,871.68"
2014-06-15,75,75,72,"9,826.67"
2014-06-16,73.75,76.25,72.5,"9,716.99"
2014-06-17,74.5,74.75,72.5,"9,523.18"
2014-06-18,74.25,74.75,73.5,"9,574.51"
2014-06-19,74.25,75,73,"9,639.05"
2014-06-22,73.75,74.25,72.25,"9,648.26"
2014-06-23,72.75,72.75,69,"9,657.41"
2014-06-24,71,73,69,"9,553.56"
2014-06-25,72.75,74.75,71.75,"9,522.10"
2014-06-26,73.75,75.25,72.5,"9,581.03"
2014-06-29,72.25,75.25,72,"9,569.49"
2014-06-30,73.75,75.5,73.25,"9,513.71"
2014-07-01,74.75,75.25,74.25,"9,513.02"
2014-07-02,75.25,76.5,75,"9,584.31"
2014-07-03,76.25,77.25,75.5,"9,678.51"
2014-07-06,76,76,73.75,"9,687.94"
2014-07-07,74,75.25,73.5,"9,752.16"
2014-07-08,74.75,77.75,74,"9,789.52"
2014-07-09,76,77.5,75.75,"9,779.60"
2014-07-10,77.75,82,77.75,"9,787.41"
2014-07-13,82.25,83.5,79.25,"9,803.29"
2014-07-14,81,84.75,74.5,"9,812.50"
2014-07-15,79,81.5,76.75,"9,808.04"
2014-07-16,77.25,77.5,75.5,"9,798.33"
2014-07-17,76,77.75,75.5,"9,810.81"
2014-07-20,75.5,76,74.5,"9,786.58"
2014-07-21,74.75,76.25,74.5,"9,736.79"
2014-07-22,76.5,77.25,76,"9,750.02"
2014-07-23,76.25,77,75.25,"10,025.14"
2014-07-24,75,75.75,74.75,"10,162.73"
2014-08-03,76.25,77.5,76,"10,214.73"
2014-08-04,77.75,79,77.25,"10,302.88"
2014-08-05,79,79.5,77.5,"10,405.81"
2014-08-06,77.75,78.75,77.25,"10,450.52"
2014-08-07,78,81,78,"10,478.34"
2014-08-10,81.75,82.75,79,"10,552.48"
2014-08-11,79.25,79.25,78.25,"10,579.12"
2014-08-12,79,81.25,78.25,"10,596.55"
2014-08-13,81.25,81.5,79.25,"10,588.89"
2014-08-14,79.75,81,79,"10,593.10"
2014-08-17,81.5,82.75,80.75,"10,588.26"
2014-08-18,81,81.75,80.5,"10,639.04"
2014-08-19,81.25,83.5,81,"10,650.09"
2014-08-20,85.25,87.75,84.75,"10,659.56"
2014-08-21,85.25,85.25,83.25,"10,716.24"
2014-08-24,83.75,84.25,82.75,"10,734.76"
2014-08-25,83.5,83.75,80.5,"10,903.04"
2014-08-26,81.75,83.75,81,"10,842.78"
2014-08-27,83.75,84.5,83,"10,939.84"
2014-08-28,83.25,83.25,82.5,"11,029.95"
2014-08-31,82.75,84.25,82.75,"11,042.03"
2014-09-01,84,87,83.5,"11,112.12"
2014-09-02,86.25,89,85.75,"11,116.75"
2014-09-03,87,88.75,85.5,"11,048.19"
2014-09-04,85.75,86.5,84.75,"11,061.14"
2014-09-07,86,88.25,85.75,"11,068.83"
2014-09-08,89.25,91.75,88.5,"11,135.96"
2014-09-09,91.25,92,90,"11,143.82"
2014-09-10,90.25,92.75,89.5,"11,149.36"
2014-09-11,91.5,93,89.5,"11,126.01"
2014-09-14,89.75,91.75,89.5,"11,063.14"
2014-09-15,90,90.75,88,"11,026.96"
2014-09-16,89.5,90.5,89,"10,932.73"
2014-09-17,89.5,90.5,88,"10,993.35"
2014-09-18,88.25,88.5,86,"11,080.91"
2014-09-21,86.25,86.5,84,"11,062.37"
2014-09-22,83.5,84.75,83,"11,010.68"
2014-09-24,84,84.75,82.25,"10,874.82"
2014-09-25,84,85.5,83.75,"10,720.51"
2014-09-28,85,86.25,84.5,"10,765.02"
2014-09-29,85.5,85.75,84.5,"10,674.17"
2014-09-30,85,86.5,84.5,"10,757.41"
2014-10-01,85.25,85.5,83.75,"10,854.79"
2014-10-02,82.5,82.75,81.75,"10,849.61"
2014-10-12,80,80.5,74.25,"10,851.48"
2014-10-13,74.5,77.5,72.5,"10,145.38"
2014-10-14,77,77,73.5,"10,377.94"
2014-10-15,76.5,77.5,74,"10,177.11"
2014-10-16,73.25,74.25,67.5,"9,903.00"
2014-10-19,71.5,72,69,"9,547.54"
2014-10-20,70.5,70.5,68,"9,775.32"
2014-10-21,70,73.5,69.75,"9,882.36"
2014-10-22,73.75,74,72,"10,136.46"
2014-10-23,72,72.25,70.75,"10,206.19"
2014-10-26,72,75,72,"10,165.33"
2014-10-27,75.75,76,74.25,"10,313.96"
2014-10-28,75.25,76,74,"10,194.42"
2014-10-29,75.5,75.5,71.25,"10,163.66"
2014-10-30,71.25,72,70,"10,081.96"
2014-11-02,72.25,72.75,71.75,"10,034.92"
2014-11-03,71.75,73,71.5,"10,099.27"
2014-11-04,72.25,74,70.75,"10,141.67"
2014-11-05,70,71.5,69.5,"9,784.57"
2014-11-06,71.25,72.25,70.75,"9,628.84"
2014-11-09,71,72.25,71,"9,649.28"
2014-11-10,72.75,78,72.75,"9,688.65"
2014-11-11,75.5,76.5,72.25,"9,793.20"
2014-11-12,73,73.75,72.25,"9,768.05"
2014-11-13,73.25,73.25,72,"9,766.01"
2014-11-16,72.5,74.5,72.25,"9,681.66"
2014-11-17,72.75,72.75,67.25,"9,553.81"
2014-11-18,68.5,69.75,67.75,"9,289.55"
2014-11-19,70,70,68.5,"9,374.68"
2014-11-20,69.25,70.25,69,"9,383.79"
2014-11-23,70.5,71.25,70.25,"9,408.83"
2014-11-24,70.5,71.25,69,"9,515.63"
2014-11-25,69.25,69.25,66.75,"9,404.76"
2014-11-26,67.5,67.5,64,"9,234.03"
2014-11-27,64.5,67.25,64,"9,081.27"
2014-11-30,62,63.5,60.75,"9,055.63"
2014-12-01,61.5,63.5,61.25,"8,624.89"
2014-12-02,64,64.25,63.25,"8,720.42"
2014-12-03,63,63.25,62.5,"8,742.57"
2014-12-04,63.5,64.25,62.5,"8,801.68"
2014-12-07,64,66.25,63.75,"8,957.63"
2014-12-08,65,66,63.75,"8,941.45"
2014-12-09,62,63.5,61.5,"8,785.73"
2014-12-10,63.5,63.75,61,"8,625.31"
2014-12-11,57.75,59.75,57,"8,410.98"
2014-12-14,55.75,57.5,54,"8,393.92"
2014-12-15,55.75,56,50,"8,119.08"
2014-12-16,47.5,47.5,45.6,"7,904.91"
2014-12-17,44,46.1,41.3,"7,330.30"
2014-12-18,48,50.25,48,"7,638.90"
2014-12-21,52.5,53.5,49,"8,320.55"
2014-12-22,50.5,52.25,49.5,"8,525.39"
2014-12-23,52,55,51.5,"8,546.87"
2014-12-24,54.75,58,54,"8,546.70"
2014-12-25,55,55.75,53.25,"8,699.78"
2014-12-28,54.75,56.25,54.25,"8,749.34"
2014-12-29,56,56.75,54.5,"8,856.38"
2014-12-30,50.5,53,50.5,"8,855.35"
2014-12-31,52,52.25,47.1,"8,486.58"
2015-01-01,50.5,51,49.1,"8,333.30"
2015-01-04,50.25,50.75,49.6,"8,409.54"
2015-01-05,48.6,49,48.1,"8,356.93"
2015-01-06,48,48,46.6,"8,106.80"
2015-01-07,48.3,49.7,47.8,"8,057.43"
2015-01-08,49.8,50.5,49.5,"8,133.39"
2015-01-11,49.9,51,49.5,"8,284.89"
2015-01-12,50.25,52,50.25,"8,445.13"
2015-01-13,50.25,55.75,49.9,"8,436.71"
2015-01-14,56.75,59.75,55.75,"8,491.68"
2015-01-15,59,60.75,57,"8,551.93"
2015-01-18,59.25,60.75,58.5,"8,458.72"
2015-01-19,58.5,60.25,58,"8,535.78"
2015-01-20,59.75,64.5,59,"8,482.93"
2015-01-21,63,64.5,60.5,"8,483.62"
2015-01-22,61.5,64.5,61,"8,393.81"
2015-01-26,62.75,64,62.25,"8,421.72"
2015-01-27,63.5,64.5,63,"8,480.10"
2015-01-28,64,66,63.75,"8,686.16"
2015-01-29,64.25,66.5,63.5,"8,912.50"
2015-02-01,66,67,65,"8,878.54"
2015-02-02,65.25,66,65,"9,143.93"
2015-02-03,66,69,65.75,"9,213.14"
2015-02-04,69.25,69.5,67,"9,227.36"
2015-02-05,68,70,68,"9,169.20"
2015-02-08,69,69,68,"9,180.11"
2015-02-09,68.5,69,67.5,"9,345.32"
2015-02-10,67.75,68,66.25,"9,390.26"
2015-02-11,67,67,63.75,"9,300.50"
2015-02-12,64.25,65.75,64.25,"9,133.70"
2015-02-15,66.5,67,66,"9,257.49"
2015-02-16,67,69.25,67,"9,467.06"
2015-02-17,69,69.75,67,"9,439.37"
2015-02-18,67,67.25,66,"9,442.45"
2015-02-19,65.75,66.5,65.25,"9,407.87"
2015-02-22,67,68.25,66,"9,300.20"
2015-02-23,67.25,68.25,66,"9,301.30"
2015-02-24,66,67,65,"9,234.32"
2015-02-25,66.5,66.5,65.75,"9,294.12"
2015-02-26,66,66.25,64.25,"9,320.31"
2015-03-01,65.5,65.5,64.5,"9,313.52"
2015-03-02,64.5,65,64.25,"9,352.63"
2015-03-03,64.25,65.5,64.25,"9,389.38"
2015-03-04,65.25,65.5,64.75,"9,487.73"
2015-03-05,65,67,64.25,"9,462.59"
2015-03-08,66,66.5,65.75,"9,516.98"
2015-03-09,66.25,66.5,65.75,"9,579.28"
2015-03-10,66,66,65,"9,622.96"
2015-03-11,65.25,65.25,64.5,"9,612.71"
2015-03-12,65.25,67,65.25,"9,661.91"
2015-03-15,66.25,67.25,66,"9,691.00"
2015-03-16,66.5,66.75,63.25,"9,628.65"
2015-03-17,64.5,64.75,62,"9,438.24"
2015-03-18,62.25,62.5,58.25,"9,303.13"
2015-03-19,62,62.25,60.75,"9,133.87"
2015-03-22,61.75,63.5,61.75,"9,174.41"
2015-03-23,63.75,64,62.75,"9,314.53"
2015-03-24,62.75,63.5,62.25,"9,319.69"
2015-03-25,62.5,62.5,57,"9,331.19"
2015-03-26,54.25,57.75,54.25,"8,868.12"
2015-03-29,58,58.75,57,"8,903.49"
2015-03-30,58,60,57.75,"9,071.20"
2015-03-31,58.75,59.25,55.75,"8,957.05"
2015-04-01,57,58,56,"8,778.89"
2015-04-02,58,58.25,55,"8,812.35"
2015-04-05,55.25,56,52.25,"8,733.79"
2015-04-06,54.75,54.75,53.25,"8,589.70"
2015-04-07,54.5,56,54.5,"8,618.63"
2015-04-08,56,57,55,"8,802.36"
2015-04-09,55,57,54.75,"8,851.83"
2015-04-12,56.5,57.25,56.25,"8,950.11"
2015-04-13,56.75,60.5,56.5,"8,961.13"
2015-04-14,58.25,58.75,56.75,"9,041.12"
2015-04-15,57.75,58.25,57.5,"8,966.33"
2015-04-16,58.5,59,58,"9,164.44"
2015-04-19,60.75,61.25,59.25,"9,251.19"
2015-04-20,61.5,61.5,59.25,"9,619.97"
2015-04-21,58.5,60.25,57.75,"9,589.42"
2015-04-22,61,63,60.25,"9,558.89"
2015-04-23,62,62.75,61.75,"9,572.27"
2015-04-26,62.75,64,62.75,"9,614.61"
2015-04-27,63.75,65,63,"9,725.17"
2015-04-28,63.5,63.5,61.75,"9,710.93"
2015-04-29,61.75,62,60.75,"9,713.07"
2015-04-30,61.5,64,61.5,"9,812.40"
2015-05-03,64,65.75,62.5,"9,834.49"
2015-05-04,64,65,63.75,"9,764.24"
2015-05-05,64.75,65.25,62.25,"9,787.00"
2015-05-06,63,63.25,62.25,"9,751.03"
2015-05-07,62.5,63,61.5,"9,781.69"
2015-05-10,62.5,62.75,62.25,"9,717.90"
2015-05-11,62.5,63,60.75,"9,710.52"
2015-05-12,61.25,62,61,"9,583.24"
2015-05-13,61.75,62.75,61.75,"9,627.41"
2015-05-14,62.5,64,62.25,"9,671.97"
2015-05-17,64,65.75,63.75,"9,731.54"
2015-05-18,65,65,63.75,"9,814.65"
2015-05-19,64,64,63,"9,807.87"
2015-05-20,63.5,64,62.75,"9,811.12"
2015-05-21,63,64,62.5,"9,731.30"
2015-05-24,63.5,64.5,63,"9,768.09"
2015-05-25,64.5,67.5,64.5,"9,732.52"
2015-05-26,66,67,65.25,"9,726.96"
2015-05-27,66,67.75,65.75,"9,801.40"
2015-05-28,67.5,68.75,67.25,"9,753.32"
2015-05-31,66.25,66.5,64,"9,757.07"
2015-06-01,64.5,64.75,63,"9,688.69"
2015-06-02,64,64.25,63.5,"9,693.58"
2015-06-03,64,64,63,"9,716.71"
2015-06-04,63,63.5,62.25,"9,678.75"
2015-06-07,62.75,62.75,62,"9,668.10"
2015-06-08,62,62.25,61.75,"9,588.01"
2015-06-09,61.25,62,59.75,"9,532.48"
2015-06-10,61.25,62,61,"9,490.88"
2015-06-11,61.25,61.25,60.5,"9,541.58"
2015-06-14,60.75,62,60.75,"9,518.38"
2015-06-15,62,62.25,60.75,"9,644.57"
2015-06-16,61,61.5,60.75,"9,561.70"
2015-06-17,60.75,61.5,60.5,"9,544.51"
2015-06-18,61.25,61.5,60.5,"9,543.25"
2015-06-21,60.5,60.75,58.25,"9,505.74"
2015-06-22,58.5,59,57.25,"9,344.11"
2015-06-23,58,59.5,57.75,"9,275.27"
2015-06-24,60.25,62.25,60.25,"9,279.74"
2015-06-25,61.75,63,61,"9,313.05"
2015-06-28,61.5,61.5,59,"9,367.29"
2015-06-29,59,59,57,"9,208.70"
2015-06-30,57.25,58.75,57,"9,059.94"
2015-07-01,58.5,60,58,"9,086.89"
2015-07-02,59.25,59.75,58.25,"9,104.27"
2015-07-05,58.25,58.25,57.5,"9,136.34"
2015-07-06,57.5,58.5,57.25,"9,160.70"
2015-07-07,57.5,57.5,57,"9,131.36"
2015-07-08,57,57.5,57,"9,081.73"
2015-07-09,57.5,59,57.5,"9,057.89"
2015-07-12,58.75,59.25,58.25,"9,281.76"
2015-07-13,58.75,58.75,58.25,"9,253.41"
2015-07-14,58.5,58.5,57.75,"9,269.78"
2015-07-15,58.25,59,58,"9,275.20"
2015-07-22,59.5,59.5,58.75,"9,337.86"
2015-07-23,59.75,60.25,59,"9,381.01"
2015-07-26,59.5,59.5,58.5,"9,372.74"
2015-07-27,58.5,58.5,57.5,"9,301.66"
2015-07-28,57.75,58,57.5,"9,080.02"
2015-07-29,58,58.75,57.75,"9,090.84"
2015-07-30,58.25,59,57.75,"9,107.39"
2015-08-02,58,58.5,55,"9,098.27"
2015-08-03,55,56.25,54.75,"8,807.24"
2015-08-04,55.5,56.25,55,"8,820.65"
2015-08-05,56.25,56.25,55,"8,769.47"
2015-08-06,55.25,55.25,52.75,"8,790.77"
2015-08-09,52.5,53.5,52.5,"8,654.64"
2015-08-10,53.25,54.75,53.25,"8,699.17"
2015-08-11,54.5,55,53.25,"8,834.82"
2015-08-12,53,53.25,52.5,"8,758.07"
2015-08-13,53.25,54,53.25,"8,708.31"
2015-08-16,53.5,54,50.5,"8,683.74"
2015-08-17,51.5,52.25,50.5,"8,464.06"
2015-08-18,51.25,51.25,46.3,"8,437.26"
2015-08-19,48,48.9,44,"8,197.02"
2015-08-20,44.5,46.8,43,"7,991.28"
2015-08-23,43.5,43.8,41.7,"8,012.83"
2015-08-24,41.5,43,38.5,"7,463.32"
2015-08-25,39.7,42.1,39,"7,024.60"
2015-08-26,41.3,41.9,39.6,"7,543.05"
2015-08-27,41.5,42,41,"7,384.46"
2015-08-30,43,43,41.2,"7,604.32"
2015-08-31,41.5,41.6,40,"7,690.40"
2015-09-01,41.2,41.2,40.1,"7,522.47"
2015-09-02,39.8,40.2,39.3,"7,438.43"
2015-09-03,40.9,41,40.3,"7,367.55"
2015-09-06,40.3,40.8,40.1,"7,383.86"
2015-09-07,40.7,41.4,40.7,"7,428.78"
2015-09-08,40.7,42.4,40.5,"7,483.50"
2015-09-09,42.9,43.6,42.5,"7,578.37"
2015-09-10,42.5,42.7,42,"7,748.92"
2015-09-13,42.8,43.5,42.5,"7,718.40"
2015-09-14,42.5,42.6,41.9,"7,668.22"
2015-09-15,41.8,41.9,40.9,"7,549.86"
2015-09-16,41.7,41.7,41.2,"7,547.78"
2015-09-17,41.4,41.4,40.7,"7,525.32"
2015-09-20,40.8,40.8,40.1,"7,470.19"
2015-09-21,40.5,40.8,40.2,"7,365.98"
2015-09-29,40.4,40.5,40,"7,442.71"
2015-09-30,40.4,41.5,40.3,"7,337.21"
2015-10-01,41,41.3,40.6,"7,404.14"
2015-10-04,40.5,40.7,40.2,"7,341.94"
2015-10-05,40.6,41,40.6,"7,370.67"
2015-10-06,41.1,41.2,40.8,"7,461.52"
2015-10-07,41.1,42.4,41.1,"7,462.49"
2015-10-08,42.1,42.7,41.8,"7,602.68"
2015-10-11,42.9,44.3,42.9,"7,685.27"
2015-10-12,44.1,45.5,43.9,"7,827.08"
2015-10-13,43.5,44.9,42.6,"7,816.71"
2015-10-14,44,44,43.4,"7,776.74"
2015-10-15,43.9,44.4,43,"7,784.50"
2015-10-18,43.3,43.9,43.1,"7,698.73"
2015-10-19,43.3,43.5,43.2,"7,792.62"
2015-10-20,42.5,42.9,42,"7,765.22"
2015-10-21,41.7,41.9,40,"7,689.76"
2015-10-22,39.5,40.5,39.5,"7,479.01"
2015-10-25,40.2,40.5,39.8,"7,382.59"
2015-10-26,39.7,40.2,38.8,"7,276.26"
2015-10-27,40.1,40.1,38.2,"7,319.15"
2015-10-28,38.2,42.1,37.8,"7,097.59"
2015-10-29,43,45.6,42.7,"7,118.42"
2015-11-01,43.7,45.4,42.9,"7,124.80"
2015-11-02,44.8,45.3,43.6,"7,045.77"
2015-11-03,43.8,44.5,42.2,"7,066.24"
2015-11-04,42.6,42.8,41,"6,955.11"
2015-11-05,42.5,42.6,41.4,"7,035.46"
2015-11-08,41.9,44.3,41.5,"6,961.23"
2015-11-09,43.6,44.4,42.6,"6,922.96"
2015-11-10,43.4,44.2,43.3,"7,015.29"
2015-11-11,43.6,44.1,43.4,"6,986.89"
2015-11-12,43.8,44.4,43.2,"7,128.28"
2015-11-15,42.5,42.5,41,"7,083.43"
2015-11-16,41,41.7,40.9,"6,881.42"
2015-11-17,41.6,42.6,41.3,"6,960.09"
2015-11-18,41.5,41.7,41,"6,916.77"
2015-11-19,41.8,43.2,41.6,"6,953.47"
2015-11-22,42.9,43.6,42.8,"7,034.08"
2015-11-23,42.8,43.2,42.3,"7,179.17"
2015-11-24,42.6,44.3,42.4,"7,149.61"
2015-11-25,43.9,45.2,43.8,"7,202.10"
2015-11-26,44.2,45,43.6,"7,208.36"
2015-11-29,44.9,45.1,43.9,"7,238.56"
2015-11-30,44.3,44.3,44,"7,251.64"
2015-12-01,44,44.1,43.2,"7,239.93"
2015-12-02,43.4,44.4,43.2,"7,293.79"
2015-12-03,43.4,43.5,42.7,"7,347.43"
2015-12-06,42,43.1,42,"7,268.02"
2015-12-07,43,43,42.3,"7,261.40"
2015-12-08,41.9,41.9,40.5,"7,166.73"
2015-12-09,41.2,41.2,40.5,"6,991.44"
2015-12-10,40.5,40.6,39.4,"7,000.72"
2015-12-13,38.5,38.6,37.4,"6,949.00"
2015-12-14,39.1,39.2,37.9,"6,764.60"
2015-12-15,38,39.1,38,"6,686.27"
2015-12-16,38.5,38.7,38,"6,771.53"
2015-12-17,38.5,39.5,38.3,"6,866.80"
2015-12-20,38.6,40.7,38,"7,045.68"
2015-12-21,39,39.9,39,"6,931.08"
2015-12-22,39.3,41.2,39.2,"6,930.12"
2015-12-23,40.6,41.4,39.2,"7,046.97"
2015-12-24,39.9,39.9,39,"6,934.06"
2015-12-27,39.4,39.9,38.8,"6,941.75"
2015-12-28,39.3,39.8,39,"6,946.00"
2015-12-29,38.6,41,38,"6,992.19"
2015-12-30,41,41.4,40.4,"6,930.60"
2015-12-31,41.2,42.2,41,"6,906.58"
2016-01-03,41,42.4,41,"6,911.76"
2016-01-04,41.4,42,39.5,"6,952.22"
2016-01-05,39.9,40.2,38.9,"6,788.13"
2016-01-06,39.1,39.3,37.8,"6,743.16"
2016-01-07,37.9,37.9,36,"6,517.71"
2016-01-10,36.7,36.8,34.1,"6,225.22"
2016-01-11,33.2,34.9,33.2,"6,090.86"
2016-01-12,34,34.5,33.2,"6,176.91"
2016-01-13,34.3,34.4,32.8,"6,068.75"
2016-01-14,32.5,32.8,30,"6,038.03"
2016-01-17,28,28.8,27.4,"5,838.13"
2016-01-18,26.8,28.4,26.1,"5,520.41"
2016-01-19,28.3,29.3,28.2,"5,525.12"
2016-01-20,27.9,28.2,26.1,"5,746.40"
2016-01-21,26.2,27,26,"5,459.84"
2016-01-24,28.6,28.6,26.8,"5,463.60"
2016-01-25,26.2,27.7,26.2,"5,611.65"
2016-01-26,26.3,29.9,26.3,"5,610.45"
2016-01-27,31.5,32.2,29.8,"5,637.31"
2016-01-28,30.2,30.7,29.8,"5,698.56"
2016-01-31,31,31.7,30.3,"5,879.98"
2016-02-01,30.1,32.5,29.8,"5,996.57"
2016-02-02,30.8,32.3,30.2,"5,985.72"
2016-02-03,30.1,31.4,30,"5,874.19"
2016-02-04,31.8,32,30.8,"5,927.36"
2016-02-07,30.5,31.1,30.5,"5,973.07"
2016-02-08,31.3,31.9,30,"5,895.79"
2016-02-09,30.6,34,30.6,"5,905.50"
2016-02-10,32,33.2,31.8,"5,873.64"
2016-02-11,32.8,33.2,29.5,"5,832.92"
2016-02-14,30.2,30.8,26.8,"5,660.86"
2016-02-15,27.1,29.5,26.8,"5,557.92"
2016-02-16,30.2,31.2,29.5,"5,691.25"
2016-02-17,30.2,33,30.2,"5,739.98"
2016-02-18,33,33.2,31.9,"5,801.65"
2016-02-21,32.4,33,32.3,"5,884.16"
2016-02-22,32.9,35,32.9,"5,880.61"
2016-02-23,34.6,34.7,33.9,"5,977.70"
2016-02-24,34,34.6,33.5,"6,023.08"
2016-02-25,33.8,34.4,33.3,"5,942.28"
2016-02-28,34.3,35,34.1,"5,975.94"
2016-02-29,34.6,34.7,33.6,"6,092.01"
2016-03-01,34.2,35.3,34.1,"6,092.50"
2016-03-02,34.7,34.8,34.1,"6,180.66"
2016-03-03,34.5,34.6,34.1,"6,170.16"
2016-03-06,34.8,35.1,34.7,"6,216.31"
2016-03-07,35,35,34.5,"6,396.36"
2016-03-08,34.9,35.7,34.7,"6,387.44"
2016-03-09,35,35.7,35,"6,430.87"
2016-03-10,35.4,36.7,35.1,"6,370.37"
2016-03-13,36.9,37.6,35.4,"6,354.48"
2016-03-14,35.7,35.8,34,"6,369.31"
2016-03-15,34.1,34.6,33.7,"6,288.30"
2016-03-16,34.1,34.9,34,"6,232.69"
2016-03-17,34.9,36.3,34.9,"6,305.78"
2016-03-20,36.1,36.1,35.7,"6,394.67"
2016-03-21,35.8,36.7,35.6,"6,482.35"
2016-03-22,36.2,36.2,35,"6,486.11"
2016-03-23,35.5,35.6,35.1,"6,481.68"
2016-03-24,35.2,35.2,34.6,"6,460.98"
2016-03-27,34.4,34.5,33.9,"6,350.90"
2016-03-28,34.3,34.4,33.3,"6,256.68"
2016-03-29,33.8,33.9,33.2,"6,268.71"
2016-03-30,34,34.5,33.7,"6,176.84"
2016-03-31,33.8,33.9,33.4,"6,215.65"
2016-04-03,32.3,33.1,31.8,"6,223.13"
2016-04-04,31.9,32.8,31.8,"6,126.12"
2016-04-05,32.4,33.5,32.2,"6,210.91"
2016-04-06,33.6,34.6,33.5,"6,201.09"
2016-04-07,34.1,34.6,34,"6,213.58"
2016-04-10,34.9,35.4,34.7,"6,258.11"
2016-04-11,35,35.4,34.6,"6,346.16"
2016-04-12,34.9,35.3,34.9,"6,311.58"
2016-04-13,35.3,35.5,34.9,"6,403.60"
2016-04-14,35.6,36.9,35.4,"6,442.04"
2016-04-17,36,36.1,33.9,"6,509.02"
2016-04-18,33.5,34.1,33.1,"6,412.37"
2016-04-19,34.4,34.8,34.4,"6,424.90"
2016-04-20,34.7,35.2,34.6,"6,531.90"
2016-04-21,35,35.1,34.7,"6,512.43"
2016-04-24,35,35.5,34.7,"6,587.68"
2016-04-25,35.4,35.6,35,"6,698.78"
2016-04-26,35.4,35.7,35.1,"6,868.09"
2016-04-27,35.4,36.1,35.4,"6,757.14"
2016-04-28,35.8,36.1,35.3,"6,820.30"
2016-05-01,35.5,37,35.5,"6,805.84"
2016-05-02,36,37.1,35.6,"6,754.23"
2016-05-03,36.1,36.6,35,"6,716.49"
2016-05-04,35,35.1,34.2,"6,638.15"
2016-05-05,31.1,34.8,31.1,"6,586.50"
2016-05-08,34.7,35.4,34.7,"6,656.41"
2016-05-09,35,35.6,34.7,"6,672.48"
2016-05-10,34.9,35.3,34.9,"6,693.91"
2016-05-11,35,35.4,34.8,"6,644.82"
2016-05-12,35.1,35.7,35,"6,654.20"
2016-05-15,35.7,36.6,35.7,"6,694.82"
2016-05-16,36.2,36.6,35.8,"6,692.60"
2016-05-17,36.1,36.2,35.8,"6,699.18"
2016-05-18,35.6,36,35.5,"6,739.79"
2016-05-19,35.6,35.6,35.3,"6,737.40"
2016-05-22,35.4,35.5,34.9,"6,695.26"
2016-05-23,34.5,34.7,32,"6,628.95"
2016-05-24,31.9,32.6,31.5,"6,425.23"
2016-05-25,33,33.9,32.7,"6,474.84"
2016-05-26,34,35.6,33.7,"6,516.49"
2016-05-29,34.2,37,33.9,"6,482.48"
2016-05-30,36.1,36.4,34.2,"6,428.39"
2016-05-31,35,35.6,34.3,"6,359.91"
2016-06-01,35.3,35.6,34.8,"6,448.42"
2016-06-02,34.8,35.5,34.6,"6,457.95"
2016-06-05,34.8,34.9,33.7,"6,488.79"
2016-06-06,33.8,34.3,33.5,"6,413.02"
2016-06-07,34.2,34.6,34,"6,477.07"
2016-06-08,34.5,36.3,34.4,"6,533.42"
2016-06-09,36.1,36.7,35.6,"6,604.96"
2016-06-12,35.6,35.8,35.2,"6,606.92"
2016-06-13,35,35.6,35,"6,570.89"
2016-06-14,34.9,35.6,34.9,"6,589.64"
2016-06-15,35.5,35.9,34.5,"6,626.58"
2016-06-16,34.6,34.7,34,"6,566.68"
2016-06-19,34.6,35.8,34.4,"6,542.64"
2016-06-20,35.4,36,34.9,"6,542.40"
2016-06-21,35.3,35.6,34.3,"6,558.92"
2016-06-22,34.9,35.1,34.4,"6,553.01"
2016-06-23,34.5,34.7,34.2,"6,532.42"
2016-06-26,32.5,34.3,32.1,"6,550.97"
2016-06-27,35,35,33.9,"6,478.60"
2016-06-28,34,34.4,34,"6,464.84"
2016-06-29,34.3,34.8,34,"6,480.32"
2016-06-30,34.8,35.6,34.5,"6,500.42"
2016-07-10,34.9,35.5,34.9,"6,499.88"
2016-07-11,35.4,36.2,35,"6,555.87"
2016-07-12,36.2,37.9,36.2,"6,570.34"
2016-07-13,37.7,38.4,37.1,"6,625.78"
2016-07-14,37.6,38.1,37.1,"6,691.23"
2016-07-17,37.4,38,37.3,"6,661.65"
2016-07-18,38,38,37.3,"6,680.79"
2016-07-19,37.5,38,37,"6,681.97"
2016-07-20,37.3,37.6,37.2,"6,646.86"
2016-07-21,37.6,37.6,36.9,"6,630.61"
2016-07-24,37,37,36,"6,601.00"
2016-07-25,36.1,36.5,36,"6,523.56"
2016-07-26,36.6,37,36,"6,516.08"
2016-07-27,36,36,35.1,"6,470.82"
2016-07-28,35.4,35.4,33.2,"6,431.58"
2016-07-31,33.5,33.8,32.3,"6,335.59"
2016-08-01,33,33.1,32.5,"6,302.17"
2016-08-02,32.7,33.1,32.5,"6,345.73"
2016-08-03,32.6,33,32.5,"6,268.13"
2016-08-04,32.8,34,32.8,"6,237.56"
2016-08-07,33.2,33.6,33.1,"6,246.45"
2016-08-08,33.3,33.4,33.1,"6,289.51"
2016-08-09,33.4,34,33.4,"6,319.30"
2016-08-10,33.7,33.8,33.2,"6,381.45"
2016-08-11,33,33.4,33,"6,354.59"
2016-08-14,33.4,33.5,33.3,"6,325.62"
2016-08-15,33.4,33.5,33,"6,374.29"
2016-08-16,33.2,33.4,33,"6,357.57"
2016-08-17,33,33.2,31.5,"6,328.55"
2016-08-18,31.5,31.8,30.2,"6,220.29"
2016-08-21,31.2,31.4,30.7,"6,227.03"
2016-08-22,30.8,30.9,30,"6,212.47"
2016-08-23,30.2,31.7,30.2,"6,109.77"
2016-08-24,31.5,31.6,30.8,"6,095.89"
2016-08-25,30.7,31.7,30.3,"6,027.89"
2016-08-28,30.7,31.1,30,"5,976.89"
2016-08-29,30.9,31.3,30.8,"6,071.41"
2016-08-30,31,31.6,30.9,"6,071.16"
2016-08-31,31.4,31.4,30.5,"6,129.59"
2016-09-01,30.3,30.5,29.7,"6,079.51"
2016-09-04,30.4,30.8,30.4,"6,021.81"
2016-09-05,30.6,31.5,30.6,"6,099.03"
2016-09-06,31.6,31.6,30.8,"6,204.08"
2016-09-07,30.9,30.9,30.3,"6,190.35"
2016-09-08,30.9,31.2,30.8,"6,139.38"
2016-09-18,30.6,30.7,30.4,"6,176.53"
2016-09-19,30.5,30.6,28.4,"6,060.07"
2016-09-20,28.6,29.2,28,"5,935.96"
2016-09-21,29.3,29.7,29,"5,925.14"
2016-09-25,28.8,28.9,28.5,"5,948.92"
2016-09-26,29.1,29.3,28.9,"5,913.00"
2016-09-27,28.2,28.2,26.3,"5,956.59"
2016-09-28,27,27.1,24.3,"5,730.69"
2016-09-29,25.6,26,25,"5,534.43"
2016-10-02,25.7,25.9,23.15,"5,623.34"
2016-10-03,23.4,24,21.95,"5,448.20"
2016-10-04,24.1,24.1,23,"5,416.47"
2016-10-05,24.1,24.1,23.5,"5,525.70"
2016-10-06,24.1,24.6,23.9,"5,585.11"
2016-10-09,24.1,24.1,23,"5,631.26"
2016-10-10,22.7,23.3,22.55,"5,506.78"
2016-10-11,23.1,23.8,23.1,"5,574.22"
2016-10-12,23.35,24.05,23.2,"5,655.61"
2016-10-13,23.8,23.95,23.25,"5,692.66"
2016-10-16,23.5,23.6,23.15,"5,693.96"
2016-10-17,23,23.3,22.65,"5,632.69"
2016-10-18,22.9,22.95,21.15,"5,564.67"
2016-10-19,21.5,21.85,21.5,"5,460.94"
2016-10-20,21.05,22.25,21.05,"5,522.57"
2016-10-23,22.35,23.15,22.3,"5,651.80"
2016-10-24,23,23.75,23,"5,739.92"
2016-10-25,23.15,23.4,23.05,"5,796.85"
2016-10-26,23.2,23.9,22.9,"5,882.44"
2016-10-27,23.65,23.8,23.45,"5,884.99"
2016-10-30,23.2,23.5,23.2,"5,936.30"
2016-10-31,23.3,23.6,23.05,"5,977.98"
2016-11-01,23.4,24.1,23.3,"6,012.22"
2016-11-02,23.45,23.55,23,"5,997.03"
2016-11-03,23,23.45,23,"5,989.62"
2016-11-06,23.15,23.65,23.1,"6,060.46"
2016-11-07,23.6,24.5,23.55,"6,106.31"
2016-11-08,24.4,25.2,24.4,"6,197.68"
2016-11-09,23.7,25.2,23.7,"6,327.79"
2016-11-10,25.3,26.4,25.3,"6,379.62"
2016-11-13,26,27.2,26,"6,528.05"
2016-11-14,27,27.7,26.1,"6,663.31"
2016-11-15,26.5,26.8,25.8,"6,631.15"
2016-11-16,27,28.9,27,"6,492.86"
2016-11-17,30.8,31.7,30.4,"6,647.75"
2016-11-20,32.3,34.8,30.1,"6,628.88"
2016-11-21,32.8,34.6,32.4,"6,570.49"
2016-11-22,33.7,35.2,33.2,"6,496.74"
2016-11-23,34.5,34.9,34.1,"6,601.59"
2016-11-24,34.2,34.7,33.4,"6,796.13"
2016-11-27,33.7,37.3,33.7,"6,796.75"
2016-11-28,38.8,39.5,38,"6,843.78"
2016-11-29,38.8,41.7,37.4,"6,903.85"
2016-11-30,40.2,42,40.2,"6,896.83"
2016-12-01,41,41.9,40.2,"7,000.18"
2016-12-04,40.5,41.4,39,"7,093.66"
2016-12-05,39.5,41,39.2,"7,130.34"
2016-12-06,39.8,42.7,39.5,"7,106.22"
2016-12-07,41.2,42,40.3,"7,155.20"
2016-12-08,40.9,41.8,40.8,"7,124.10"
2016-12-11,41,41.4,40.9,"7,118.00"
2016-12-12,41.3,42,40.2,"7,197.87"
2016-12-13,40.2,40.4,38.8,"7,162.38"
2016-12-14,39.2,39.3,37.1,"7,108.44"
2016-12-15,36.9,40,36.7,"7,066.04"
2016-12-18,39,40.9,39,"7,090.91"
2016-12-19,40,40.5,38.7,"7,137.62"
2016-12-20,38.8,39.3,37.9,"7,076.88"
2016-12-21,38.4,39.8,38.4,"7,031.11"
2016-12-22,39,39.3,38.6,"7,056.71"
2016-12-25,39.3,39.9,39.1,"7,087.76"
2016-12-26,39.6,41.1,39.3,"7,190.95"
2016-12-27,39.8,40.6,39.6,"7,166.36"
2016-12-28,40.3,40.5,39.9,"7,257.17"
2016-12-29,40.1,41.5,40,"7,240.66"
2017-01-01,40.2,40.7,39.9,"7,210.43"
2017-01-02,40.2,40.4,39.8,"7,237.95"
2017-01-03,39.9,40.1,39.8,"7,247.34"
2017-01-04,40,40.4,39.3,"7,250.76"
2017-01-05,39.6,39.6,38.7,"7,198.11"
2017-01-08,39.3,39.5,38.7,"7,198.73"
2017-01-09,39,39,37.8,"7,138.86"
2017-01-10,38.5,39.1,37.9,"7,081.71"
2017-01-11,38.1,38.1,36.9,"7,008.03"
2017-01-12,37.1,37.9,36.7,"6,894.65"
2017-01-15,37.2,37.5,37,"6,921.77"
2017-01-16,37.1,37.1,35.9,"6,930.92"
2017-01-17,35.7,36.7,35,"6,823.63"
2017-01-18,36.7,36.9,36,"6,873.53"
2017-01-19,36,36.2,35.8,"6,853.45"
2017-01-22,36.2,39.5,35.9,"6,875.87"
2017-01-23,39.6,39.9,38.8,"6,898.93"
2017-01-24,39.2,39.5,38.8,"7,013.18"
2017-01-25,39.1,39.3,38.9,"7,091.88"
2017-01-26,38.9,39.3,38.3,"7,128.12"
2017-01-29,38.5,38.9,38.3,"7,134.88"
2017-01-30,39,39,38.4,"7,183.25"
2017-01-31,38.3,38.6,38,"7,132.39"
2017-02-01,38.2,38.7,38.1,"7,101.86"
2017-02-02,38.7,39.2,38.4,"7,100.93"
2017-02-05,38.6,38.8,38,"7,098.64"
2017-02-06,38,38.3,37.6,"7,046.38"
2017-02-07,38.3,38.5,38,"7,062.35"
2017-02-08,38,38.2,37,"7,038.62"
2017-02-09,37.4,37.5,37,"6,967.40"
2017-02-12,37.4,37.8,37.3,"6,969.26"
2017-02-13,37.4,39.9,37.3,"7,021.57"
2017-02-14,39.1,39.1,37.9,"7,059.55"
2017-02-15,38.3,38.7,38.3,"7,032.65"
2017-02-16,38.7,38.7,38.4,"7,073.69"
2017-02-19,38.5,38.8,38.1,"7,131.27"
2017-02-20,38.2,38.3,37.8,"7,140.18"
2017-02-21,37.8,38.1,37.2,"7,071.90"
2017-02-22,37.7,38.8,37.6,"7,057.79"
2017-02-23,37.4,37.6,37.1,"7,062.85"
2017-02-26,37.2,37.5,37.1,"7,046.17"
2017-02-27,37.4,37.4,35.5,"7,049.54"
2017-02-28,35.7,36.1,35.1,"6,969.30"
2017-03-01,36.2,36.4,35.7,"6,972.39"
2017-03-02,35.8,36.6,35.8,"6,966.53"
2017-03-05,36.3,39,36.1,"7,016.66"
2017-03-06,38.6,39,38.1,"6,967.97"
2017-03-07,38.5,38.8,37.8,"6,976.35"
2017-03-08,38.6,40.1,38.5,"6,993.13"
2017-03-09,38.5,38.8,37.7,"6,970.84"
2017-03-12,38,39.3,37.8,"6,916.84"
2017-03-13,39,39,34.8,"6,834.06"
2017-03-14,32.9,34.7,32.5,"6,787.80"
2017-03-15,33.9,34.3,33.2,"6,790.71"
2017-03-16,33.8,34.8,33.6,"6,835.76"
2017-03-19,34.1,34.7,34,"6,921.60"
2017-03-20,34.5,34.8,34.1,"6,952.63"
2017-03-21,34.1,34.5,33.9,"6,919.25"
2017-03-22,33.6,33.6,32.9,"6,912.78"
2017-03-23,33.3,33.5,33.1,"6,832.30"
2017-03-26,33.5,34.3,33.4,"6,878.68"
2017-03-27,33.5,33.6,33.2,"6,874.12"
2017-03-28,33.4,33.7,33.3,"6,852.13"
2017-03-29,33.7,34,33.6,"6,872.77"
2017-03-30,33.8,34.4,33.6,"6,948.96"
2017-04-02,34.2,34.5,34.2,"7,001.63"
2017-04-03,34.4,34.4,34,"6,990.43"
2017-04-04,33.8,35.1,33.8,"6,967.98"
2017-04-05,34.5,34.6,34.3,"6,986.19"
2017-04-06,34.3,34.5,34.2,"7,050.91"
2017-04-09,34.4,34.6,34.1,"7,075.57"
2017-04-10,34.2,35.2,34.2,"7,058.58"
2017-04-11,34.6,34.7,34.2,"7,062.17"
2017-04-12,34.4,35.1,34.4,"7,036.36"
2017-04-13,34.4,34.4,33.9,"7,099.13"
2017-04-16,34,34,33.5,"7,076.92"
2017-04-17,33.6,33.6,33.4,"7,005.40"
2017-04-18,33.7,33.7,33.2,"7,011.73"
2017-04-19,33.2,33.4,33.1,"6,942.38"
2017-04-20,33.2,33.6,33,"6,948.06"
2017-04-23,33.5,33.7,33.2,"6,899.00"
2017-04-24,33.6,33.7,33.4,"6,968.75"
2017-04-25,33.3,33.6,33.1,"6,977.54"
2017-04-26,33.7,33.7,33.3,"6,915.89"
2017-04-27,33.5,33.8,33.2,"6,917.03"
2017-04-30,33.3,33.7,33.3,"6,945.74"
2017-05-01,33.6,34.2,33.3,"7,013.47"
2017-05-02,34,34,33.7,"7,003.73"
2017-05-03,34,34,33.6,"7,012.81"
2017-05-04,33.6,33.8,33.4,"6,967.71"
2017-05-07,33.4,33.6,33,"6,924.08"
2017-05-08,33.1,33.7,33,"6,857.15"
2017-05-09,33.5,34.2,33.5,"6,864.54"
2017-05-10,34.2,34.3,33.4,"6,918.82"
2017-05-11,33.3,33.7,33,"6,930.32"
2017-05-14,33,33,32.7,"6,882.51"
2017-05-15,32.5,33.4,32.4,"6,853.12"
2017-05-16,33.2,34.4,33.1,"6,891.99"
2017-05-17,33.7,33.9,33.5,"6,940.48"
2017-05-18,33.5,33.6,33.3,"6,947.36"
2017-05-21,33.7,33.9,33.6,"6,938.10"
2017-05-22,33.7,33.7,33.4,"6,990.53"
2017-05-23,33.3,33.3,32.6,"6,987.65"
2017-05-24,32.9,33.3,32.5,"6,936.37"
2017-05-25,32.6,32.7,31.6,"6,901.43"
2017-05-28,31.8,31.8,30.4,"6,871.72"
2017-05-29,30,30.7,30,"6,783.39"
2017-05-30,30.7,31.3,30.7,"6,821.71"
2017-05-31,30.7,31.5,30.7,"6,870.62"
2017-06-01,31.4,31.5,30.9,"6,871.24"
2017-06-04,31.2,31.5,31,"6,863.62"
2017-06-05,31.6,31.6,31,"6,927.59"
2017-06-06,31.3,31.6,31.2,"6,964.83"
2017-06-07,31.2,31.75,31.2,"6,933.28"
2017-06-08,31.6,32.1,31.4,"6,946.42"
2017-06-11,31.6,32,31.25,"6,865.48"
2017-06-12,31.45,31.45,31.3,"6,809.19"
2017-06-13,31.3,31.5,31.25,"6,822.43"
2017-06-14,31.2,31.55,31.2,"6,820.60"
2017-06-15,31.2,31.55,31.15,"6,853.54"
2017-06-18,31.2,31.3,31.2,"6,820.81"
2017-06-19,31.2,31.75,31.15,"6,881.39"
2017-06-20,31.8,32.2,31.3,"7,046.53"
2017-06-21,31.7,32.15,31.45,"6,952.67"
2017-06-22,31.95,32.15,31.55,"7,334.87"
2017-07-02,32.2,32.65,31.9,"7,425.72"
2017-07-03,32.2,32.45,32.15,"7,486.31"
2017-07-04,32.6,32.75,31.8,"7,493.45"
2017-07-05,32,32.5,32,"7,299.74"
2017-07-06,32.45,33.1,32.45,"7,266.43"
2017-07-09,33,33.5,32.95,"7,203.99"
2017-07-10,33.4,33.65,33,"7,166.77"
2017-07-11,33.3,33.7,32.9,"7,236.94"
2017-07-12,33.2,33.3,32.8,"7,245.39"
2017-07-13,33.2,33.45,32.95,"7,306.58"
2017-07-16,33.45,33.75,33.3,"7,313.42"
2017-07-17,33.6,33.6,33.25,"7,348.76"
2017-07-18,33.3,33.45,32.95,"7,288.89"
2017-07-19,33,33.5,32.95,"7,254.69"
2017-07-20,33.5,33.9,33.35,"7,229.56"
2017-07-23,34.1,34.6,33.9,"7,261.13"
2017-07-24,34.35,35.9,34.35,"7,263.60"
2017-07-25,35,35.2,34.4,"7,252.51"
2017-07-26,34,34.95,34,"7,227.96"
2017-07-27,34,34,32.75,"7,200.43"
2017-07-30,32.85,32.85,32.5,"7,175.17"
2017-07-31,32.65,33.6,32.6,"7,115.84"
2017-08-01,33.7,34.9,33.7,"7,094.17"
2017-08-02,34,34.3,33.8,"7,109.27"
2017-08-03,33.7,34.2,33.5,"7,080.87"
2017-08-06,33.8,35.5,33.5,"7,085.56"
2017-08-07,34.8,35.7,34.8,"7,094.28"
2017-08-08,35.5,36.15,35.4,"7,113.37"
2017-08-09,35.65,35.8,35,"7,145.54"
2017-08-10,35.05,35.35,34.5,"7,153.17"
2017-08-13,34.5,34.8,34.3,"7,164.64"
2017-08-14,34.35,34.7,34.15,"7,148.21"
2017-08-15,34.5,34.95,33.5,"7,125.47"
2017-08-16,33.55,34.1,33.55,"7,103.24"
2017-08-17,34,34.4,33.8,"7,128.35"
2017-08-20,34.25,34.6,34,"7,179.34"
2017-08-21,34.6,34.75,33.9,"7,209.24"
2017-08-22,34.2,34.3,33.7,"7,225.38"
2017-08-23,33.7,34,33.6,"7,253.52"
2017-08-24,33.9,34,33.4,"7,263.75"
2017-08-27,33.8,33.8,33,"7,245.66"
2017-08-28,33.1,33.65,33.05,"7,225.18"
2017-08-29,33.4,33.65,33.3,"7,261.84"
2017-09-06,33.7,34,33.55,"7,258.64"
2017-09-07,33.9,33.95,33.65,"7,306.12"
2017-09-10,33.8,34.25,33.8,"7,360.61"
2017-09-11,34.1,34.35,34,"7,377.95"
2017-09-12,34.05,34.2,33.75,"7,411.30"
2017-09-13,34,34.9,33.8,"7,399.98"
2017-09-14,34.15,34.15,34,"7,379.62"
2017-09-17,34,34.1,33.75,"7,373.17"
2017-09-18,33.85,34.6,33.8,"7,403.02"
2017-09-19,34.05,34.2,33.75,"7,393.39"
2017-09-20,34,34.1,33.75,"7,351.15"
2017-09-21,34,34.3,33.9,"7,319.84"
2017-09-25,34,34.2,33.8,"7,326.32"
2017-09-26,33.8,34.8,33.8,"7,224.13"
2017-09-27,34.65,34.8,34.1,"7,240.10"
2017-09-28,34.6,34.6,34.1,"7,233.31"
2017-10-01,34.2,34.4,34.05,"7,283.01"
2017-10-02,34.25,34.75,34.2,"7,233.84"
2017-10-03,34.45,35.4,34.35,"7,224.10"
2017-10-04,35.6,36.2,34.6,"7,244.38"
2017-10-05,34.45,34.75,33.3,"7,285.75"
2017-10-08,34.5,34.5,33.75,"7,259.22"
2017-10-09,33.9,34,33.2,"7,194.06"
2017-10-10,33.6,33.6,32.5,"7,114.01"
2017-10-11,32.6,32.8,31,"7,041.28"
2017-10-12,31,31.4,30.7,"6,889.98"
2017-10-15,31.1,31.3,30.8,"6,987.76"
2017-10-16,30.85,31.4,30.85,"6,937.94"
2017-10-17,31.2,32.15,31,"6,976.97"
2017-10-18,31.95,32,31.35,"6,992.30"
2017-10-19,31.1,31.6,31.1,"6,941.78"
2017-10-22,31.6,31.65,31.4,"7,011.26"
2017-10-23,31.5,31.7,31.15,"6,975.06"
2017-10-24,31.5,31.7,31,"6,886.26"
2017-10-25,31.7,31.7,31.25,"6,884.90"
2017-10-26,31.6,32,31.5,"6,905.82"
2017-10-29,32.1,32.45,32,"6,910.65"
2017-10-30,32.5,32.55,32.05,"6,956.47"
2017-10-31,32.35,32.4,32,"6,945.28"
2017-11-01,32.05,32.55,31.8,"6,934.37"
2017-11-02,32.45,33.4,32.4,"6,948.49"
2017-11-05,32.7,33.5,31.8,"6,956.51"
2017-11-06,32.9,33,31.5,"6,978.73"
2017-11-07,32,32.15,28.65,"6,984.87"
2017-11-08,29.35,29.9,28.8,"6,933.46"
2017-11-09,29.5,30.1,29,"6,936.49"
2017-11-12,29.8,30.15,29.4,"6,954.38"
2017-11-13,29.5,29.95,29.35,"6,933.09"
2017-11-14,29.6,30.25,29.6,"6,961.52"
2017-11-15,30.05,30.85,30.05,"6,979.28"
2017-11-16,30.5,30.5,29.8,"6,912.35"
2017-11-19,30,30.4,29.9,"6,913.46"
2017-11-20,29.95,30.2,29.25,"6,872.16"
2017-11-21,29.4,30,29.3,"6,804.23"
2017-11-22,29.95,31.75,29.75,"6,778.32"
2017-11-23,30,30.4,29.75,"6,822.45"
2017-11-26,30.1,30.65,30,"6,878.21"
2017-11-27,30.3,30.4,29.95,"6,933.77"
2017-11-28,30.05,30.65,30.05,"6,939.21"
2017-11-29,30.45,30.8,30.2,"6,967.35"
2017-11-30,30.3,30.4,30.15,"6,972.04"
2017-12-03,30.8,30.85,30.5,"7,003.97"
2017-12-04,31,31.3,30.75,"7,089.33"
2017-12-05,30.75,30.85,30.25,"7,103.08"
2017-12-06,30.6,31.05,30.25,"7,067.13"
2017-12-07,30.3,30.85,30.2,"7,026.06"
2017-12-10,30.85,31.1,30.65,"7,085.51"
2017-12-11,31.1,31.6,30.8,"7,144.74"
2017-12-12,31.05,31.2,30.75,"7,100.46"
2017-12-13,30.9,31.65,30.9,"7,123.06"
2017-12-14,31.5,31.7,31.25,"7,094.11"
2017-12-17,31.8,32,31.5,"7,075.72"
2017-12-18,31.65,32,31.6,"7,093.21"
2017-12-19,31.9,31.95,30.5,"7,191.58"
2017-12-20,31.6,32.2,31.3,"7,199.41"
2017-12-21,31.75,32.1,31.5,"7,212.62"
2017-12-24,31.65,31.7,31.3,"7,209.71"
2017-12-25,31.3,31.45,31,"7,181.46"
2017-12-26,31,31.35,31,"7,146.37"
2017-12-27,31.35,31.45,31.2,"7,177.55"
2017-12-28,31.4,31.4,31.1,"7,201.21"
2017-12-31,31.25,31.45,31,"7,230.61"
2018-01-01,31.1,31.1,30.75,"7,226.32"
2018-01-02,31.05,31.1,30.6,"7,194.15"
2018-01-03,30.9,30.95,30.7,"7,171.74"
2018-01-04,30.9,31.05,30.85,"7,224.29"
2018-01-07,31,31.4,31,"7,277.06"
2018-01-08,31.2,31.35,31.15,"7,317.65"
2018-01-09,31.2,31.2,30.8,"7,310.26"
2018-01-10,30.8,31.6,30.8,"7,290.96"
2018-01-11,31.25,31.5,31.25,"7,300.37"
2018-01-14,31.7,31.7,31.45,"7,338.04"
2018-01-15,31.75,32.7,31.6,"7,439.64"
2018-01-16,32.3,32.5,32,"7,483.23"
2018-01-17,32.25,32.25,31.9,"7,531.56"
2018-01-18,32.2,32.35,32,"7,539.74"
2018-01-21,32.2,32.45,32,"7,539.02"
2018-01-22,32,32.25,31.8,"7,513.30"
2018-01-23,31.7,31.95,31.45,"7,480.89"
2018-01-24,31.15,31.3,31.15,"7,493.90"
2018-01-25,31.25,31.5,31.1,"7,479.09"
2018-01-28,31.75,31.75,31.4,"7,521.64"
2018-01-29,31.5,32.15,31.2,"7,538.38"
2018-01-30,31.95,32.25,31.8,"7,568.36"
2018-01-31,32.3,32.75,31.95,"7,631.17"
2018-02-01,32,32,31.65,"7,650.12"
2018-02-04,31.8,31.9,31.45,"7,656.07"
2018-02-05,31.55,31.6,31.45,"7,608.33"
2018-02-06,31.1,31.1,30.7,"7,587.39"
2018-02-07,31.05,31.1,30.5,"7,466.33"
2018-02-08,30.65,30.95,30.4,"7,417.17"
2018-02-11,30.8,30.95,30.4,"7,403.15"
2018-02-12,30.4,31,30.4,"7,327.15"
2018-02-13,31,31.15,30.65,"7,425.57"
2018-02-14,30.75,30.85,30.6,"7,412.56"
2018-02-15,30.9,31.45,30.9,"7,419.71"
2018-02-18,31.35,31.9,31.2,"7,510.47"
2018-02-19,31.35,31.4,30.95,"7,508.44"
2018-02-20,31.1,31.7,31,"7,528.24"
2018-02-21,31.25,32.5,31.25,"7,506.09"
2018-02-22,32.45,35.4,32.45,"7,505.62"
2018-02-25,36.5,38.9,36.5,"7,525.22"
2018-02-26,36.95,38,35.7,"7,493.63"
2018-02-27,35.15,35.7,34.25,"7,471.90"
2018-02-28,34.3,36.7,34.1,"7,465.47"
2018-03-01,35.5,36.5,35.5,"7,418.80"
2018-03-04,36.15,36.3,35.75,"7,411.16"
2018-03-05,36.05,36.1,34.8,"7,368.85"
2018-03-06,34.95,35.15,34.4,"7,366.83"
2018-03-07,35.5,36.4,35.2,"7,437.61"
2018-03-08,35.35,35.85,35.1,"7,453.17"
2018-03-11,35.45,36.35,35.4,"7,562.11"
2018-03-12,36,36.35,35.8,"7,696.07"
2018-03-13,36,37.1,35.75,"7,780.83"
2018-03-14,36.9,36.95,36.1,"7,778.05"
2018-03-15,36,36,34.9,"7,775.42"
2018-03-18,35.45,36,35.4,"7,744.68"
2018-03-19,35.85,36.8,35.8,"7,728.06"
2018-03-20,36.1,36.65,35.8,"7,710.57"
2018-03-21,36.2,37,35.95,"7,724.79"
2018-03-22,37,37.2,36.7,"7,761.74"
2018-03-25,37,37.5,36.2,"7,840.94"
2018-03-26,36.8,38.3,36.65,"7,842.63"
2018-03-27,37.8,38.2,37.55,"7,857.46"
2018-03-28,37.65,37.7,37,"7,942.54"
2018-03-29,37.8,41.05,37.05,"7,900.28"
2018-04-01,41.25,42.35,39.9,"7,870.87"
2018-04-02,40.1,44.5,39.35,"7,800.88"
2018-04-03,43.9,47.25,43.15,"7,783.48"
2018-04-04,43.5,45.85,43.4,"7,799.77"
2018-04-05,44.95,47.4,44.8,"7,871.67"
2018-04-08,46.9,47.65,46.35,"7,953.36"
2018-04-09,47.4,48,46.55,"7,968.44"
2018-04-10,46.95,47,45.5,"7,975.45"
2018-04-11,45.8,46.45,42,"7,951.42"
2018-04-12,44.2,44.95,43.7,"7,802.74"
2018-04-15,44.65,46.2,44.65,"7,824.12"
2018-04-16,46.2,46.9,45.05,"7,972.51"
2018-04-17,45,45.15,44.5,"8,050.30"
2018-04-18,44.55,44.6,43.05,"8,096.40"
2018-04-19,43.6,45,43.55,"8,146.13"
2018-04-22,44.35,44.7,44.05,"8,277.14"
2018-04-23,44.2,44.35,43.7,"8,256.60"
2018-04-24,44.15,44.15,42.5,"8,335.35"
2018-04-25,42.5,43.9,42.5,"8,315.42"
2018-04-26,43.6,45.1,43,"8,233.05"
2018-04-29,44.75,45.45,44.55,"8,248.47"
2018-04-30,44.7,45.1,44,"8,224.94"
2018-05-01,44.4,44.55,44,"8,208.87"
2018-05-02,44.2,44.4,43.15,"8,158.06"
2018-05-03,43.15,43.9,43.1,"8,098.75"
2018-05-06,43.05,43.45,42.8,"8,107.47"
2018-05-07,42.7,42.7,41.4,"8,113.87"
2018-05-08,41.5,41.55,39.35,"8,117.42"
2018-05-09,39.85,41.6,39.85,"8,012.59"
2018-05-10,40.6,41.7,40.6,"7,878.29"
2018-05-13,41.8,42,41.2,"7,914.27"
2018-05-14,41.15,42.4,41,"8,023.01"
2018-05-15,41.3,41.8,41.1,"8,070.69"
2018-05-16,41.1,41.8,41,"8,039.29"
2018-05-17,41.6,41.6,41,"7,958.47"
2018-05-20,41.4,42.15,41.25,"8,016.85"
2018-05-21,42.2,44.15,42.2,"8,018.06"
2018-05-22,43.3,43.8,42.6,"7,996.43"
2018-05-23,43.3,43.5,42.7,"8,044.67"
2018-05-24,42.7,42.95,42,"8,039.05"
2018-05-27,42.15,42.5,41.8,"8,037.81"
2018-05-28,42.2,42.2,41,"7,972.05"
2018-05-29,41.25,41.6,41.1,"7,962.77"
2018-05-30,41.3,41.35,41,"7,999.59"
2018-05-31,41.2,41.4,41.15,"8,009.55"
2018-06-03,41.4,42.2,41.4,"8,161.08"
2018-06-04,42.45,42.45,41.6,"8,329.55"
2018-06-05,41.7,41.75,41.35,"8,335.39"
2018-06-06,41.6,42.8,41.6,"8,406.90"
2018-06-07,42.85,43.85,42.7,"8,383.23"
2018-06-10,43.5,44.25,43.15,"8,344.39"
2018-06-11,44,44.4,43.3,"8,278.51"
2018-06-12,43.55,43.8,43.3,"8,243.97"
2018-06-20,43.8,45.6,43.8,"8,270.46"
2018-06-21,44.7,45.5,44.7,"8,166.30"
2018-06-24,45.3,46.9,45.3,"8,206.40"
2018-06-25,47,47.85,45.6,"8,350.96"
2018-06-26,45.5,46.5,45.3,"8,342.35"
2018-06-27,46.3,46.75,45.85,"8,298.89"
2018-06-28,46.45,46.45,45.95,"8,317.27"
2018-07-01,46.15,46.5,45.5,"8,314.19"
2018-07-02,46,46.75,45.55,"8,339.86"
2018-07-03,46.5,47.2,46.25,"8,274.98"
2018-07-04,47.3,47.5,46.7,"8,235.56"
2018-07-05,47,47.3,45.5,"8,247.39"
2018-07-08,45.7,46.2,44.15,"8,177.61"
2018-07-09,44.4,44.6,43.1,"8,222.53"
2018-07-10,43.5,45.2,43.45,"8,326.59"
2018-07-11,44.8,45.7,43.35,"8,417.91"
2018-07-12,44.5,48.1,44.1,"8,388.66"
2018-07-15,49.1,49.6,47.5,"8,362.41"
2018-07-16,48.9,48.9,45.75,"8,405.09"
2018-07-17,45.3,45.3,44.15,"8,490.75"
2018-07-18,44.35,45.05,43.8,"8,462.59"
2018-07-19,43.85,44.25,43.7,"8,452.30"
2018-07-22,44.1,44.75,44,"8,449.97"
2018-07-23,44.2,44.25,43.5,"8,466.62"
2018-07-24,43.6,43.6,42.75,"8,448.48"
2018-07-25,42.75,43.9,42.7,"8,405.82"
2018-07-26,43.25,43.4,42.85,"8,399.83"
2018-07-29,42.9,43.25,42.7,"8,367.70"
2018-07-30,43,43.2,42.75,"8,307.42"
2018-07-31,42.75,43,42.6,"8,309.37"
2018-08-01,42.75,43.9,42.7,"8,294.83"
2018-08-02,43.3,43.7,43,"8,288.98"
2018-08-05,43.2,43.45,43.05,"8,253.54"
2018-08-06,42.7,43,42.6,"8,242.71"
2018-08-07,43,43.55,43,"8,230.13"
2018-08-08,43.5,45,43.45,"8,242.82"
2018-08-09,44.8,45.05,44.05,"8,210.29"
2018-08-12,44.4,44.55,43.45,"8,176.18"
2018-08-13,43.2,43.6,41.8,"8,064.92"
2018-08-14,42.3,43.3,42.2,"7,872.79"
2018-08-15,42.45,43.7,42.45,"7,893.18"
2018-08-16,43.9,44.55,43.5,"7,865.68"
2018-08-26,44.65,45.3,44.65,"7,867.16"
2018-08-27,45,45.1,44.6,"7,978.83"
2018-08-28,45.05,45.8,44.9,"8,000.13"
2018-08-29,45.7,45.95,45.05,"8,036.56"
2018-08-30,45.9,46.4,45.5,"8,018.54"
2018-09-02,46.3,46.55,46.05,"7,948.25"
2018-09-03,46.35,46.4,44.9,"7,915.07"
2018-09-04,45.25,45.65,44.9,"7,942.43"
2018-09-05,45.5,45.5,42,"7,968.24"
2018-09-06,43.5,43.7,42.05,"7,719.10"
2018-09-09,43.2,43.7,42.4,"7,687.76"
2018-09-10,42.95,42.95,40.8,"7,729.07"
2018-09-11,40.8,40.8,39.6,"7,706.34"
2018-09-12,40.2,40.7,39.6,"7,693.07"
2018-09-13,40,40.3,39.8,"7,635.38"
2018-09-16,40.5,40.5,39.5,"7,590.65"
2018-09-17,39.65,39.8,38.8,"7,469.81"
2018-09-18,39.95,40.7,39.5,"7,609.65"
2018-09-19,40.15,40.5,40,"7,643.40"
2018-09-20,40.15,40.4,40,"7,729.65"
2018-09-25,40,40.85,40,"7,768.31"
2018-09-26,40.6,40.8,40.25,"7,905.27"
2018-09-27,40.3,40.5,40.15,"7,893.55"
2018-09-30,40.15,41,40.15,"7,898.68"
2018-10-01,41,41,40.6,"7,999.54"
2018-10-02,40.8,41.5,40.65,"8,038.07"
2018-10-03,41.2,41.3,40.55,"7,981.19"
2018-10-04,41.05,41.1,40.7,"8,008.55"
2018-10-07,41,41,39.8,"7,997.61"
2018-10-08,40,40.45,39.7,"7,893.62"
2018-10-09,39.95,39.95,39.8,"7,939.17"
2018-10-10,40,40,39.2,"7,904.74"
2018-10-11,38.5,38.5,37.6,"7,834.79"
2018-10-14,38.45,38.45,34.2,"7,530.80"
2018-10-15,35,36.4,34.4,"7,266.59"
2018-10-16,35.8,35.8,34.5,"7,567.57"
2018-10-17,35.25,35.8,35.25,"7,666.80"
2018-10-18,35.55,37.25,35.55,"7,657.87"
2018-10-21,34.9,36.05,34.25,"7,648.15"
2018-10-22,35.5,35.75,34.45,"7,660.21"
2018-10-23,34.4,36.8,34.4,"7,648.64"
2018-10-24,36.25,36.8,36.2,"7,549.77"
2018-10-25,36.5,37.5,36.4,"7,512.52"
2018-10-28,37.2,38.45,37.2,"7,835.55"
2018-10-29,38.3,38.7,38,"7,802.65"
2018-10-30,38.3,39.6,38.25,"7,847.51"
2018-10-31,39.35,40.6,39.35,"7,832.98"
2018-11-01,40.4,41,39.8,"7,907.01"
2018-11-04,40.5,41.2,40.25,"7,879.37"
2018-11-05,41,41.4,40.4,"7,846.93"
2018-11-06,41.2,41.2,40.3,"7,802.27"
2018-11-07,40.4,41.2,39.15,"7,812.34"
2018-11-08,41.2,42,39.8,"7,792.56"
2018-11-11,40,40.55,39.5,"7,743.39"
2018-11-12,39.85,40.25,39.85,"7,711.11"
2018-11-13,40,40.6,39.8,"7,774.99"
2018-11-14,39.8,39.9,39,"7,750.95"
2018-11-15,39.3,39.4,38.8,"7,659.88"
2018-11-18,39.2,39.35,38.5,"7,662.17"
2018-11-19,38.55,38.85,38.1,"7,496.91"
2018-11-20,38.4,39.3,38.35,"7,560.13"
2018-11-21,38.4,40.1,38.4,"7,504.94"
2018-11-22,39.6,39.9,39.35,"7,514.36"
2018-11-25,39.3,40.4,39.2,"7,607.32"
2018-11-26,39.8,42.7,39.8,"7,512.57"
2018-11-27,41.6,42.3,41.35,"7,528.90"
2018-11-28,42.15,43,41.3,"7,573.48"
2018-11-29,42.5,42.65,41.5,"7,632.50"
2018-12-02,42.1,42.8,42.1,"7,702.99"
2018-12-03,42.4,42.6,42.2,"7,845.02"
2018-12-04,42.4,43.35,42.35,"7,916.79"
2018-12-05,42.9,43.1,42.4,"7,905.12"
2018-12-06,42.7,42.75,42.25,"7,883.63"
2018-12-09,42.75,43.7,42.65,"7,848.98"
2018-12-10,42.9,43.05,42.45,"7,839.27"
2018-12-11,42.3,42.9,42.25,"7,819.67"
2018-12-12,42.85,43.3,42.2,"7,838.94"
2018-12-13,41.75,41.75,41.2,"7,890.09"
2018-12-16,41.35,41.4,40.55,"7,914.29"
2018-12-17,40.5,41,40.45,"7,908.07"
2018-12-18,40.5,41.7,40.5,"7,968.26"
2018-12-19,41.4,41.4,40.6,"7,943.39"
2018-12-20,40.6,40.6,39.1,"7,860.35"
2018-12-23,39,39.4,38.9,"7,753.36"
2018-12-24,39.5,40.2,39.5,"7,730.58"
2018-12-25,40,40.05,39.75,"7,764.51"
2018-12-26,39.8,41,39.65,"7,717.75"
2018-12-27,41.8,42.2,41.5,"7,710.93"
2018-12-30,42.2,42.4,41.7,"7,749.32"
2018-12-31,42,42,41.3,"7,809.77"
2019-01-01,41.65,42.9,41.6,"7,826.73"
2019-01-02,42.2,42.4,41.9,"7,798.39"
2019-01-03,41.9,42.15,41.7,"7,790.86"
2019-01-06,42.1,42.55,41.95,"7,830.47"
2019-01-07,42.15,42.5,42.1,"7,932.24"
2019-01-08,42.35,42.45,41.8,"8,047.58"
2019-01-09,42.15,42.45,41.95,"8,057.04"
2019-01-10,42.4,43.3,42.4,"8,146.68"
2019-01-13,43.1,43.85,42.5,"8,210.16"
2019-01-14,43.95,45,43.8,"8,291.66"
2019-01-15,43.8,44.45,43.4,"8,270.55"
2019-01-16,43.95,44.1,43.3,"8,347.25"
2019-01-17,43.5,43.7,43.2,"8,406.47"
2019-01-20,43.6,43.7,43,"8,448.02"
2019-01-21,43.25,43.4,42.7,"8,383.52"